Workbook

Sheet Statistics

Sheet Album
A1: Id | B1: Artist | C1: Title | D1: Year | E1: TrackCount | F1: Type | G1: Category | H1: Notes | I1: Path | J1: Exclude | K1: In List?
A2: 1 | B2: Passion | C2: Our Soul's Desire | D2: 1997 | E2: 14 | F2: Live | K2: =IF(COUNTIF(Track!$B:$B,C2)>0,"","NO")
A3: 2 | B3: Passion | C3: Live Worship from the 268 Generation | D3: 1998 | E3: 13 | F3: Live | I3: AlbumArt/600/Live Worship from the 268 Generation.jpg | K3: =IF(COUNTIF(Track!$B:$B,C3)>0,"","NO")
A4: 3 | B4: Passion | C4: Better Is One Day | D4: 1999 | E4: 12 | F4: Live | I4: AlbumArt/600/Better Is One Day.jpg | K4: =IF(COUNTIF(Track!$B:$B,C4)>0,"","NO")
A5: 4 | B5: Passion | C5: One Day Live | D5: 2000 | E5: 12 | F5: Live | I5: AlbumArt/600/One Day Live.jpg | K5: =IF(COUNTIF(Track!$B:$B,C5)>0,"","NO")
A6: 5 | B6: Passion | C6: The Road to One Day | D6: 2000 | E6: 12 | F6: Studio | I6: AlbumArt/600/The Road to One Day.jpg | K6: =IF(COUNTIF(Track!$B:$B,C6)>0,"","NO")
A7: 6 | B7: Passion | C7: Our Love is Loud | D7: 2002 | E7: 13 | F7: Live | I7: AlbumArt/600/Our Love is Loud.jpg | K7: =IF(COUNTIF(Track!$B:$B,C7)>0,"","NO")
A8: 7 | B8: Passion | C8: Sacred Revolution: Songs From OneDay 03 | D8: 2003 | E8: 13 | F8: Live | I8: AlbumArt/600/Sacred Revolution.jpg | K8: =IF(COUNTIF(Track!$B:$B,C8)>0,"","NO")
A9: 8 | B9: Passion | C9: Hymns Ancient and Modern | D9: 2004 | E9: 14 | F9: Live | I9: AlbumArt/600/Hymns Ancient and Modern.jpg | K9: =IF(COUNTIF(Track!$B:$B,C9)>0,"","NO")
A10: 9 | B10: Passion | C10: How Great Is Our God | D10: 2005 | E10: 13 | F10: Live | I10: AlbumArt/600/How Great Is Our God.jpg | K10: =IF(COUNTIF(Track!$B:$B,C10)>0,"","NO")
A11: 10 | B11: Passion | C11: Passion 05 | D11: 2005 | E11: 2 | F11: Compilation | I11: AlbumArt/600/Passion 05.jpg | K11: =IF(COUNTIF(Track!$B:$B,C11)>0,"","NO")
A12: 11 | B12: Passion | C12: Everything Glorious | D12: 2006 | E12: 13 | F12: Live | I12: AlbumArt/600/Everything Glorious.jpg | K12: =IF(COUNTIF(Track!$B:$B,C12)>0,"","NO")
A13: 12 | B13: Passion | C13: The Best of Passion (So Far) | D13: 2006 | E13: 30 | F13: Compilation | I13: AlbumArt/600/The Best of Passion (So Far).jpg | J13: Exclude | K13: =IF(COUNTIF(Track!$B:$B,C13)>0,"","NO") -> NO
A14: 13 | B14: Passion | C14: The Early Session | D14: 2006 | E14: 4 | F14: Compilation | I14: AlbumArt/600/The Early Session 01.jpg | K14: =IF(COUNTIF(Track!$B:$B,C14)>0,"","NO")
A15: 14 | B15: Passion | C15: Live From Passion07 | D15: 2007 | E15: 6 | F15: Compilation | I15: AlbumArt/600/Live From Passion07 Pt. 1.jpg | K15: =IF(COUNTIF(Track!$B:$B,C15)>0,"","NO")
A16: 15 | B16: Passion | C16: A Generation United for His Renown | D16: 2008 | E16: 14 | F16: Compilation | I16: AlbumArt/600/A Generation United for His Renown.jpg | K16: =IF(COUNTIF(Track!$B:$B,C16)>0,"","NO")
A17: 16 | B17: Passion | C17: God of This City | D17: 2008 | E17: 14 | F17: Live | I17: AlbumArt/600/God of This City.jpg | K17: =IF(COUNTIF(Track!$B:$B,C17)>0,"","NO")
A18: 17 | B18: Passion | C18: Awakening | D18: 2010 | E18: 12 | F18: Live | I18: AlbumArt/600/Awakening.jpg | K18: =IF(COUNTIF(Track!$B:$B,C18)>0,"","NO")
A19: 18 | B19: Passion | C19: Here for You | D19: 2011 | E19: 15 | F19: Live | I19: AlbumArt/600/Here for You.jpg | K19: =IF(COUNTIF(Track!$B:$B,C19)>0,"","NO")
A20: 19 | B20: Passion | C20: White Flag | D20: 2012 | E20: 17 | F20: Live | I20: AlbumArt/600/White Flag.jpg | K20: =IF(COUNTIF(Track!$B:$B,C20)>0,"","NO")
A21: 20 | B21: Passion | C21: Let the Future Begin | D21: 2013 | E21: 15 | F21: Live | I21: AlbumArt/600/Let the Future Begin.jpg | K21: =IF(COUNTIF(Track!$B:$B,C21)>0,"","NO")
A22: 21 | B22: Passion | C22: Take It All | D22: 2014 | E22: 14 | F22: Live | I22: AlbumArt/600/Take It All.jpg | K22: =IF(COUNTIF(Track!$B:$B,C22)>0,"","NO")
A23: 22 | B23: Passion | C23: The Essential Collection | D23: 2014 | E23: 15 | F23: Compilation | I23: AlbumArt/600/The Essential Collection.jpg | J23: Exclude | K23: =IF(COUNTIF(Track!$B:$B,C23)>0,"","NO") -> NO
A24: 23 | B24: Passion | C24: Even So Come | D24: 2015 | E24: 16 | F24: Live | I24: AlbumArt/600/Even So Come.jpg | K24: =IF(COUNTIF(Track!$B:$B,C24)>0,"","NO")
A25: 24 | B25: Passion | C25: Salvation's Tide Is Rising | D25: 2016 | E25: 10 | F25: Studio | I25: AlbumArt/600/Salvation's Tide Is Rising.jpg | K25: =IF(COUNTIF(Track!$B:$B,C25)>0,"","NO")
A26: 25 | B26: Passion | C26: Glorioso Día | D26: 2017 | F26: Studio | I26: AlbumArt/600/Glorioso D¡a.jpg | J26: Exclude | K26: =IF(COUNTIF(Track!$B:$B,C26)>0,"","NO") -> NO
A27: 26 | B27: Passion | C27: Worthy of Your Name | D27: 2017 | E27: 13 | F27: Live | I27: AlbumArt/600/Worthy of Your Name.jpg | K27: =IF(COUNTIF(Track!$B:$B,C27)>0,"","NO")
A28: 27 | B28: Passion | C28: Whole Heart | D28: 2018 | E28: 11 | F28: Live | I28: AlbumArt/600/Whole Heart.jpg | K28: =IF(COUNTIF(Track!$B:$B,C28)>0,"","NO")
A29: 28 | B29: Passion | C29: Behold The Lamb | D29: 2019 | E29: 2 | F29: Live | I29: AlbumArt/600/Behold The Lamb.jpg | K29: =IF(COUNTIF(Track!$B:$B,C29)>0,"","NO")
A30: 29 | B30: Passion | C30: Follow You Anywhere | D30: 2019 | E30: 10 | F30: Live | I30: AlbumArt/600/Follow You Anywhere.jpg | K30: =IF(COUNTIF(Track!$B:$B,C30)>0,"","NO")
A31: 30 | B31: Passion | C31: Hope Has A Name | D31: 2020 | E31: 7 | F31: Studio | I31: AlbumArt/600/Hope Has A Name.jpg | K31: =IF(COUNTIF(Track!$B:$B,C31)>0,"","NO")
A32: 31 | B32: Passion | C32: Passion Collection | D32: 2020 | E32: 58 | F32: Compilation | I32: AlbumArt/600/Passion Collection.jpg | J32: Exclude | K32: =IF(COUNTIF(Track!$B:$B,C32)>0,"","NO") -> NO
A33: 32 | B33: Passion | C33: Roar (Live from Passion 2020) | D33: 2020 | E33: 12 | F33: Live | I33: AlbumArt/600/Roar (Live from Passion 2020).jpg | K33: =IF(COUNTIF(Track!$B:$B,C33)>0,"","NO")

Sheet Track
A1: Id | B1: Album | C1: Year | D1: Track | E1: Title | F1: AltTitle | G1: CcliNumber | H1: Author | I1: Key | J1: Tempo | K1: Performer | L1: Notes
B2: Our Soul's Desire | C2: 1997 | D2: 1 | E2: Glorify | G2: =INDEX([1]Songs!$L:$L,MATCH(E2,[1]Songs!$E:$E,0)) -> #N/A
B3: Our Soul's Desire | C3: 1997 | D3: 2 | E3: Sweet Wind | G3: =INDEX([1]Songs!$L:$L,MATCH(E3,[1]Songs!$E:$E,0)) -> #N/A
B4: Our Soul's Desire | C4: 1997 | D4: 3 | E4: As We Pray | G4: =INDEX([1]Songs!$L:$L,MATCH(E4,[1]Songs!$E:$E,0)) -> #N/A
B5: Our Soul's Desire | C5: 1997 | D5: 4 | E5: You Are Worthy of My Praise | G5: =INDEX([1]Songs!$L:$L,MATCH(E5,[1]Songs!$E:$E,0)) -> #N/A
B6: Our Soul's Desire | C6: 1997 | D6: 5 | E6: Lord Of The Heavens | G6: =INDEX([1]Songs!$L:$L,MATCH(E6,[1]Songs!$E:$E,0)) -> #N/A
B7: Our Soul's Desire | C7: 1997 | D7: 6 | E7: Break Our Hearts | G7: =INDEX([1]Songs!$L:$L,MATCH(E7,[1]Songs!$E:$E,0)) -> #N/A
B8: Our Soul's Desire | C8: 1997 | D8: 7 | E8: We Fall Down | G8: =INDEX([1]Songs!$L:$L,MATCH(E8,[1]Songs!$E:$E,0)) -> #N/A
B9: Our Soul's Desire | C9: 1997 | D9: 8 | E9: Mercy Rain | G9: =INDEX([1]Songs!$L:$L,MATCH(E9,[1]Songs!$E:$E,0)) -> #N/A
B10: Our Soul's Desire | C10: 1997 | D10: 9 | E10: Spirit Fall On Me | G10: =INDEX([1]Songs!$L:$L,MATCH(E10,[1]Songs!$E:$E,0)) -> #N/A
B11: Our Soul's Desire | C11: 1997 | D11: 10 | E11: You Alone | G11: =INDEX([1]Songs!$L:$L,MATCH(E11,[1]Songs!$E:$E,0)) -> #N/A
B12: Our Soul's Desire | C12: 1997 | D12: 11 | E12: Amazing Love | G12: =INDEX([1]Songs!$L:$L,MATCH(E12,[1]Songs!$E:$E,0)) -> #N/A
B13: Our Soul's Desire | C13: 1997 | D13: 12 | E13: O For A Thousand Tounges To Sing | G13: =INDEX([1]Songs!$L:$L,MATCH(E13,[1]Songs!$E:$E,0)) -> #N/A
... B52: One Day Live | C52: 2000 | D52: 12 | E52: America | G52: =INDEX([1]Songs!$L:$L,MATCH(E52,[1]Songs!$E:$E,0)) -> #N/A
B53: The Road to One Day | C53: 2000 | D53: 1 | E53: Salvation | G53: =INDEX([1]Songs!$L:$L,MATCH(E53,[1]Songs!$E:$E,0)) -> #N/A | H53: Charlie Hall
B54: The Road to One Day | C54: 2000 | D54: 2 | E54: Shout To The North | G54: =INDEX([1]Songs!$L:$L,MATCH(E54,[1]Songs!$E:$E,0)) -> #N/A | H54: Charlie Hall
B55: The Road to One Day | C55: 2000 | D55: 3 | E55: The Noise We Make | G55: =INDEX([1]Songs!$L:$L,MATCH(E55,[1]Songs!$E:$E,0)) -> #N/A | H55: Chris Tomlin
B56: The Road to One Day | C56: 2000 | D56: 4 | E56: Break Our Hearts | G56: =INDEX([1]Songs!$L:$L,MATCH(E56,[1]Songs!$E:$E,0)) -> #N/A | H56: Shelley Nirider
B57: The Road to One Day | C57: 2000 | D57: 5 | E57: Make A Joyful Noise / I Will Not Be Silent | G57: =INDEX([1]Songs!$L:$L,MATCH(E57,[1]Songs!$E:$E,0)) -> #N/A | H57: David Crowder
B58: The Road to One Day | C58: 2000 | D58: 6 | E58: Kindness | G58: =INDEX([1]Songs!$L:$L,MATCH(E58,[1]Songs!$E:$E,0)) -> #N/A | H58: Chris Tomlin
B59: The Road to One Day | C59: 2000 | D59: 7 | E59: Holy Visitation | G59: =INDEX([1]Songs!$L:$L,MATCH(E59,[1]Songs!$E:$E,0)) -> #N/A | H59: Charlie Hall
B60: The Road to One Day | C60: 2000 | D60: 8 | E60: We Are Hungry | G60: =INDEX([1]Songs!$L:$L,MATCH(E60,[1]Songs!$E:$E,0)) -> #N/A | H60: Steve Fee
B61: The Road to One Day | C61: 2000 | D61: 9 | E61: Prelude | G61: =INDEX([1]Songs!$L:$L,MATCH(E61,[1]Songs!$E:$E,0)) -> #N/A
B62: The Road to One Day | C62: 2000 | D62: 10 | E62: Holy Roar | G62: =INDEX([1]Songs!$L:$L,MATCH(E62,[1]Songs!$E:$E,0)) -> #N/A | H62: Christy Nockels
B63: The Road to One Day | C63: 2000 | D63: 11 | E63: Did You Feel The Mountains Tremble? | G63: =INDEX([1]Songs!$L:$L,MATCH(E63,[1]Songs!$E:$E,0)) -> #N/A | H63: Matt Redman
B64: The Road to One Day | C64: 2000 | D64: 12 | E64: Jesus, Lover Of My Soul | G64: =INDEX([1]Songs!$L:$L,MATCH(E64,[1]Songs!$E:$E,0)) -> #N/A | H64: Shelly Nirider
B65: Our Love is Loud | C65: 2002 | D65: 1 | E65: Here I Am To Worship | G65: =INDEX([1]Songs!$L:$L,MATCH(E65,[1]Songs!$E:$E,0)) -> 3266032 | H65: Chris Tomlin
B66: Our Love is Loud | C66: 2002 | D66: 2 | E66: Enough | G66: =INDEX([1]Songs!$L:$L,MATCH(E66,[1]Songs!$E:$E,0)) -> 3599479 | H66: Chris Tomlin
B67: Our Love is Loud | C67: 2002 | D67: 3 | E67: Famous One | G67: =INDEX([1]Songs!$L:$L,MATCH(E67,[1]Songs!$E:$E,0)) -> #N/A | H67: Chris Tomlin
B68: Our Love is Loud | C68: 2002 | D68: 4 | E68: Prepare The Way | G68: =INDEX([1]Songs!$L:$L,MATCH(E68,[1]Songs!$E:$E,0)) -> #N/A | H68: Charlie Hall
B69: Our Love is Loud | C69: 2002 | D69: 5 | E69: Sweep Me Away | G69: =INDEX([1]Songs!$L:$L,MATCH(E69,[1]Songs!$E:$E,0)) -> #N/A | H69: Charlie Hall
B70: Our Love is Loud | C70: 2002 | D70: 6 | E70: Madly | G70: =INDEX([1]Songs!$L:$L,MATCH(E70,[1]Songs!$E:$E,0)) -> #N/A | H70: Charlie Hall
B71: Our Love is Loud | C71: 2002 | D71: 7 | E71: Psalm 126 | G71: =INDEX([1]Songs!$L:$L,MATCH(E71,[1]Songs!$E:$E,0)) -> #N/A | H71: Charlie Hall
B72: Our Love is Loud | C72: 2002 | D72: 8 | E72: Wonderful King | G72: =INDEX([1]Songs!$L:$L,MATCH(E72,[1]Songs!$E:$E,0)) -> #N/A | H72: David Crowder Band
B73: Our Love is Loud | C73: 2002 | D73: 9 | E73: Our Love Is Loud | G73: =INDEX([1]Songs!$L:$L,MATCH(E73,[1]Songs!$E:$E,0)) -> #N/A | H73: David Crowder Band
... B77: Our Love is Loud | C77: 2002 | D77: 13 | E77: Dance In The River | G77: =INDEX([1]Songs!$L:$L,MATCH(E77,[1]Songs!$E:$E,0)) -> #N/A | H77: Chris Tomlin
B78: Sacred Revolution: Songs From OneDay 03 | C78: 2003 | D78: 1 | E78: O Praise Him | F78: All This for a King | G78: =INDEX([1]Songs!$L:$L,MATCH(E78,[1]Songs!$E:$E,0)) -> 4158022
B79: Sacred Revolution: Songs From OneDay 03 | C79: 2003 | D79: 2 | E79: O Come Let Us Adore Him | G79: =INDEX([1]Songs!$L:$L,MATCH(E79,[1]Songs!$E:$E,0)) -> #N/A
B80: Sacred Revolution: Songs From OneDay 03 | C80: 2003 | D80: 3 | E80: Holy Is the Lord | G80: =INDEX([1]Songs!$L:$L,MATCH(E80,[1]Songs!$E:$E,0)) -> 4158039
B81: Sacred Revolution: Songs From OneDay 03 | C81: 2003 | D81: 4 | E81: Come Let Us Return to the Lord | G81: =INDEX([1]Songs!$L:$L,MATCH(E81,[1]Songs!$E:$E,0)) -> #N/A
B82: Sacred Revolution: Songs From OneDay 03 | C82: 2003 | D82: 5 | E82: All the Earth | G82: =INDEX([1]Songs!$L:$L,MATCH(E82,[1]Songs!$E:$E,0)) -> #N/A
B83: Sacred Revolution: Songs From OneDay 03 | C83: 2003 | D83: 6 | E83: Sing to the King | G83: =INDEX([1]Songs!$L:$L,MATCH(E83,[1]Songs!$E:$E,0)) -> #N/A
B84: Sacred Revolution: Songs From OneDay 03 | C84: 2003 | D84: 7 | E84: Blessed Be Your Name | G84: =INDEX([1]Songs!$L:$L,MATCH(E84,[1]Songs!$E:$E,0)) -> 3798438
B85: Sacred Revolution: Songs From OneDay 03 | C85: 2003 | D85: 8 | E85: Knees to the Earth | G85: =INDEX([1]Songs!$L:$L,MATCH(E85,[1]Songs!$E:$E,0)) -> #N/A
B86: Sacred Revolution: Songs From OneDay 03 | C86: 2003 | D86: 9 | E86: Sending | G86: =INDEX([1]Songs!$L:$L,MATCH(E86,[1]Songs!$E:$E,0)) -> #N/A
B87: Sacred Revolution: Songs From OneDay 03 | C87: 2003 | D87: 10 | E87: Take My Life | G87: =INDEX([1]Songs!$L:$L,MATCH(E87,[1]Songs!$E:$E,0)) -> #N/A
B88: Sacred Revolution: Songs From OneDay 03 | C88: 2003 | D88: 11 | E88: Stars | G88: =INDEX([1]Songs!$L:$L,MATCH(E88,[1]Songs!$E:$E,0)) -> #N/A
B89: Sacred Revolution: Songs From OneDay 03 | C89: 2003 | D89: 12 | E89: Revolution Cry | G89: =INDEX([1]Songs!$L:$L,MATCH(E89,[1]Songs!$E:$E,0)) -> #N/A
B90: Sacred Revolution: Songs From OneDay 03 | C90: 2003 | D90: 13 | E90: Not to Us | G90: =INDEX([1]Songs!$L:$L,MATCH(E90,[1]Songs!$E:$E,0)) -> #N/A
... B96: Hymns Ancient and Modern | C96: 2004 | D96: 6 | E96: How Great Thou Art | G96: =INDEX([1]Songs!$L:$L,MATCH(E96,[1]Songs!$E:$E,0)) -> 14181
B97: Hymns Ancient and Modern | C97: 2004 | D97: 7 | E97: Raise Up the Crown | F97: All Hail the Power of Jesus' Name | G97: =INDEX([1]Songs!$L:$L,MATCH(E97,[1]Songs!$E:$E,0)) -> #N/A
B98: Hymns Ancient and Modern | C98: 2004 | D98: 8 | E98: Creatures Of Our God and King | G98: =INDEX([1]Songs!$L:$L,MATCH(E98,[1]Songs!$E:$E,0)) -> #N/A
B99: Hymns Ancient and Modern | C99: 2004 | D99: 9 | E99: Solid Rock | F99: On Christ the Solid Rock | G99: =INDEX([1]Songs!$L:$L,MATCH(E99,[1]Songs!$E:$E,0)) -> #N/A
B100: Hymns Ancient and Modern | C100: 2004 | D100: 10 | E100: Phos Hilaron | F100: Hail Gladdening Light | G100: =INDEX([1]Songs!$L:$L,MATCH(E100,[1]Songs!$E:$E,0)) -> #N/A
B101: Hymns Ancient and Modern | C101: 2004 | D101: 11 | E101: Joyous Light | G101: =INDEX([1]Songs!$L:$L,MATCH(E101,[1]Songs!$E:$E,0)) -> #N/A
B102: Hymns Ancient and Modern | C102: 2004 | D102: 12 | E102: Here Is Love | G102: =INDEX([1]Songs!$L:$L,MATCH(E102,[1]Songs!$E:$E,0)) -> 3287884
B103: Hymns Ancient and Modern | C103: 2004 | D103: 13 | E103: Fairest Lord Jesus | G103: =INDEX([1]Songs!$L:$L,MATCH(E103,[1]Songs!$E:$E,0)) -> #N/A
B104: Hymns Ancient and Modern | C104: 2004 | D104: 14 | E104: Take My Life | G104: =INDEX([1]Songs!$L:$L,MATCH(E104,[1]Songs!$E:$E,0)) -> #N/A
B105: How Great Is Our God | C105: 2005 | D105: 1 | E105: No One Like You | G105: =INDEX([1]Songs!$L:$L,MATCH(E105,[1]Songs!$E:$E,0)) -> #N/A | H105: David Crowder Band
B106: How Great Is Our God | C106: 2005 | D106: 2 | E106: All Over the World | G106: =INDEX([1]Songs!$L:$L,MATCH(E106,[1]Songs!$E:$E,0)) -> #N/A | H106: Matt Redman
B107: How Great Is Our God | C107: 2005 | D107: 3 | E107: Indescribable | G107: =INDEX([1]Songs!$L:$L,MATCH(E107,[1]Songs!$E:$E,0)) -> 4403076 | H107: Chris Tomlin
B108: How Great Is Our God | C108: 2005 | D108: 4 | E108: How Great Is Our God | G108: =INDEX([1]Songs!$L:$L,MATCH(E108,[1]Songs!$E:$E,0)) -> 4348399 | H108: Chris Tomlin
B109: How Great Is Our God | C109: 2005 | D109: 5 | E109: Here Is Our King | G109: =INDEX([1]Songs!$L:$L,MATCH(E109,[1]Songs!$E:$E,0)) -> #N/A | H109: David Crowder Band
B110: How Great Is Our God | C110: 2005 | D110: 6 | E110: Majesty | G110: =INDEX([1]Songs!$L:$L,MATCH(E110,[1]Songs!$E:$E,0)) -> 4219071 | H110: Charlie Hall
B111: How Great Is Our God | C111: 2005 | D111: 7 | E111: The Glory of Your Name | G111: =INDEX([1]Songs!$L:$L,MATCH(E111,[1]Songs!$E:$E,0)) -> #N/A | H111: Christy Nockels
B112: How Great Is Our God | C112: 2005 | D112: 8 | E112: Whole World In His Hands | G112: =INDEX([1]Songs!$L:$L,MATCH(E112,[1]Songs!$E:$E,0)) -> #N/A | H112: Matt Redman
B113: How Great Is Our God | C113: 2005 | D113: 9 | E113: Mission's Flame | G113: =INDEX([1]Songs!$L:$L,MATCH(E113,[1]Songs!$E:$E,0)) -> #N/A | H113: Matt Redman
B114: How Great Is Our God | C114: 2005 | D114: 10 | E114: Marvelous Light | G114: =INDEX([1]Songs!$L:$L,MATCH(E114,[1]Songs!$E:$E,0)) -> 4491002 | H114: Charlie Hall
B115: How Great Is Our God | C115: 2005 | D115: 11 | E115: Nothing But the Blood | G115: =INDEX([1]Songs!$L:$L,MATCH(E115,[1]Songs!$E:$E,0)) -> 4329411 | H115: Charlie Hall
B116: How Great Is Our God | C116: 2005 | D116: 12 | E116: Your Grace Is Enough | G116: =INDEX([1]Songs!$L:$L,MATCH(E116,[1]Songs!$E:$E,0)) -> 4477026 | H116: Chris Tomlin
... B127: Everything Glorious | C127: 2006 | D127: 8 | E127: You Never Let Go | G127: =INDEX([1]Songs!$L:$L,MATCH(E127,[1]Songs!$E:$E,0)) -> 4674166 | H127: Matt Redman
B128: Everything Glorious | C128: 2006 | D128: 9 | E128: How Marvelous | F128: I Stand Amazed | G128: =INDEX([1]Songs!$L:$L,MATCH(E128,[1]Songs!$E:$E,0)) -> #N/A | H128: Chris Tomlin
B129: Everything Glorious | C129: 2006 | D129: 10 | E129: Everything Glorious | G129: =INDEX([1]Songs!$L:$L,MATCH(E129,[1]Songs!$E:$E,0)) -> #N/A | H129: DCB
B130: Everything Glorious | C130: 2006 | D130: 11 | E130: You Are My Joy | G130: =INDEX([1]Songs!$L:$L,MATCH(E130,[1]Songs!$E:$E,0)) -> #N/A | H130: DCB
B131: Everything Glorious | C131: 2006 | D131: 12 | E131: We Win | G131: =INDEX([1]Songs!$L:$L,MATCH(E131,[1]Songs!$E:$E,0)) -> #N/A | H131: DCB
B132: Everything Glorious | C132: 2006 | D132: 13 | E132: Our God Reigns | G132: =INDEX([1]Songs!$L:$L,MATCH(E132,[1]Songs!$E:$E,0)) -> #N/A | H132: Chris Tomlin & Matt Redman
B133: The Early Session | C133: 2006 | D133: 1 | E133: Salvation Is Here | G133: =INDEX([1]Songs!$L:$L,MATCH(E133,[1]Songs!$E:$E,0)) -> #N/A | H133: Joel Houston
B134: The Early Session | C134: 2006 | D134: 2 | E134: You Are My Joy | G134: =INDEX([1]Songs!$L:$L,MATCH(E134,[1]Songs!$E:$E,0)) -> #N/A | H134: David Crowder
B135: The Early Session | C135: 2006 | D135: 3 | E135: Made to Worship | G135: =INDEX([1]Songs!$L:$L,MATCH(E135,[1]Songs!$E:$E,0)) -> #N/A | H135: Chris Tomlin
B136: The Early Session | C136: 2006 | D136: 4 | E136: Center | G136: =INDEX([1]Songs!$L:$L,MATCH(E136,[1]Songs!$E:$E,0)) -> #N/A | H136: Charlie Hall
B137: Live From Passion07 | C137: 2007 | D137: 1 | E137: Friend Of God | G137: =INDEX([1]Songs!$L:$L,MATCH(E137,[1]Songs!$E:$E,0)) -> #N/A | H137: Chris Tomlin
B138: Live From Passion07 | C138: 2007 | D138: 2 | E138: You Are God | G138: =INDEX([1]Songs!$L:$L,MATCH(E138,[1]Songs!$E:$E,0)) -> #N/A | H138: Charlie Hall
B139: Live From Passion07 | C139: 2007 | D139: 3 | E139: Oh the Glory of It All | G139: =INDEX([1]Songs!$L:$L,MATCH(E139,[1]Songs!$E:$E,0)) -> #N/A | H139: David Crowder Band
B140: Live From Passion07 | C140: 2007 | D140: 4 | E140: Shine | G140: =INDEX([1]Songs!$L:$L,MATCH(E140,[1]Songs!$E:$E,0)) -> #N/A | H140: Matt Redman
... B153: A Generation United for His Renown | C153: 2008 | D153: 11 | E153: You Never Let Go | G153: =INDEX([1]Songs!$L:$L,MATCH(E153,[1]Songs!$E:$E,0)) -> 4674166 | H153: Matt Redman
B154: A Generation United for His Renown | C154: 2008 | D154: 12 | E154: O Praise Him | F154: All This for a King | G154: =INDEX([1]Songs!$L:$L,MATCH(E154,[1]Songs!$E:$E,0)) -> 4158022 | H154: David Crowder
B155: A Generation United for His Renown | C155: 2008 | D155: 13 | E155: God of Our Yesterdays | G155: =INDEX([1]Songs!$L:$L,MATCH(E155,[1]Songs!$E:$E,0)) -> #N/A | H155: Matt Redman
B156: A Generation United for His Renown | C156: 2008 | D156: 14 | E156: Amazing Grace | G156: =INDEX([1]Songs!$L:$L,MATCH(E156,[1]Songs!$E:$E,0)) -> 4768151 | H156: Chris Tomlin
B157: God of This City | C157: 2008 | D157: 1 | E157: Let God Arise | G157: =INDEX([1]Songs!$L:$L,MATCH(E157,[1]Songs!$E:$E,0)) -> #N/A | H157: Chris Tomlin
B158: God of This City | C158: 2008 | D158: 2 | E158: You Are God | G158: =INDEX([1]Songs!$L:$L,MATCH(E158,[1]Songs!$E:$E,0)) -> #N/A | H158: Charlie Hall
B159: God of This City | C159: 2008 | D159: 3 | E159: God Of This City | G159: =INDEX([1]Songs!$L:$L,MATCH(E159,[1]Songs!$E:$E,0)) -> #N/A | H159: Chris Tomlin
B160: God of This City | C160: 2008 | D160: 4 | E160: O, For A Thousand Tongues To Sing | G160: =INDEX([1]Songs!$L:$L,MATCH(E160,[1]Songs!$E:$E,0)) -> #N/A | H160: David Crowder Band
B161: God of This City | C161: 2008 | D161: 5 | E161: Hosanna | G161: =INDEX([1]Songs!$L:$L,MATCH(E161,[1]Songs!$E:$E,0)) -> #N/A | H161: Christy Nockels
B162: God of This City | C162: 2008 | D162: 6 | E162: Sing, Sing, Sing | G162: =INDEX([1]Songs!$L:$L,MATCH(E162,[1]Songs!$E:$E,0)) -> #N/A | H162: Chris Tomlin
B163: God of This City | C163: 2008 | D163: 7 | E163: Beautiful Jesus | G163: =INDEX([1]Songs!$L:$L,MATCH(E163,[1]Songs!$E:$E,0)) -> #N/A | H163: Kristian Stanfill
B164: God of This City | C164: 2008 | D164: 8 | E164: Walk The World | G164: =INDEX([1]Songs!$L:$L,MATCH(E164,[1]Songs!$E:$E,0)) -> #N/A | H164: Charlie Hall
B165: God of This City | C165: 2008 | D165: 9 | E165: We Shine | G165: =INDEX([1]Songs!$L:$L,MATCH(E165,[1]Songs!$E:$E,0)) -> #N/A | H165: FEE
B166: God of This City | C166: 2008 | D166: 10 | E166: God Of Our Yesterdays | G166: =INDEX([1]Songs!$L:$L,MATCH(E166,[1]Songs!$E:$E,0)) -> #N/A | H166: Matt Redman
... B169: God of This City | C169: 2008 | D169: 13 | E169: Dancing Generation | G169: =INDEX([1]Songs!$L:$L,MATCH(E169,[1]Songs!$E:$E,0)) -> #N/A | H169: Matt Redman
B170: God of This City | C170: 2008 | D170: 14 | E170: Amazing Grace | F170: My Chains Are Gone | G170: =INDEX([1]Songs!$L:$L,MATCH(E170,[1]Songs!$E:$E,0)) -> #N/A | H170: Chris Tomlin
...

Sheet Rejected Compilations
A1: # | B1: Year | C1: Album | D1: Track | E1: Title | F1: Alt Title | G1: Author | H1: Key | I1: Tempo | J1: CCLI# | K1: Notes
B2: 2006 | C2: The Best of Passion (So Far) | D2: 1 | E2: Come And Listen | G2: David Crowder Band
B3: 2006 | C3: The Best of Passion (So Far) | D3: 2 | E3: You Alone | G3: Sam Perry
B4: 2006 | C4: The Best of Passion (So Far) | D4: 3 | E4: His Renown | G4: Christy Nockels
B5: 2006 | C5: The Best of Passion (So Far) | D5: 4 | E5: You're Worthy Of My Praise | G5: Charlie Hall
B6: 2006 | C6: The Best of Passion (So Far) | D6: 5 | E6: You Are My King | F6: Amazing Love | G6: Christy Nockels
B7: 2006 | C7: The Best of Passion (So Far) | D7: 6 | E7: Better Is One Day | G7: Charlie Hall
B8: 2006 | C8: The Best of Passion (So Far) | D8: 7 | E8: Did You Feel The Mountains Tremble? | G8: Matt Redman
B9: 2006 | C9: The Best of Passion (So Far) | D9: 8 | E9: Salvation | G9: Charlie Hall
B10: 2006 | C10: The Best of Passion (So Far) | D10: 9 | E10: Grace Flows Down | G10: Christy Nockels
B11: 2006 | C11: The Best of Passion (So Far) | D11: 10 | E11: We Fall Down | G11: Chris Tomlin
B12: 2006 | C12: The Best of Passion (So Far) | D12: 11 | E12: Our Love Is Loud | G12: David Crowder Band
B13: 2006 | C13: The Best of Passion (So Far) | D13: 12 | E13: Enough | G13: Chris Tomlin
B14: 2006 | C14: The Best of Passion (So Far) | D14: 13 | E14: Famous One | G14: Chris Tomlin
B15: 2006 | C15: The Best of Passion (So Far) | D15: 14 | E15: Blessed Be The Name | G15: Matt Redman
B16: 2006 | C16: The Best of Passion (So Far) | D16: 15 | E16: How Great Thou Art | G16: Charlie Hall
B17: 2006 | C17: The Best of Passion (So Far) | D17: 16 | E17: Holy Is The Lord | G17: Chris Tomlin
B18: 2006 | C18: The Best of Passion (So Far) | D18: 17 | E18: O Praise Him | F18: All This For A King | G18: David Crowder Band
B19: 2006 | C19: The Best of Passion (So Far) | D19: 18 | E19: Sing To The King | G19: Candi Pearson
B20: 2006 | C20: The Best of Passion (So Far) | D20: 19 | E20: Take My Life | F20: And Let It Be | G20: Chris Tomlin
B21: 2006 | C21: The Best of Passion (So Far) | D21: 20 | E21: No One Like You | G21: David Crowder Band
B22: 2006 | C22: The Best of Passion (So Far) | D22: 21 | E22: Marvelous Light | G22: Charlie Hall
B23: 2006 | C23: The Best of Passion (So Far) | D23: 22 | E23: How Great Is Our God | G23: Chris Tomlin
B24: 2006 | C24: The Best of Passion (So Far) | D24: 23 | E24: Here Is Our King | G24: David Crowder Band
B25: 2006 | C25: The Best of Passion (So Far) | D25: 24 | E25: Indescribable | G25: Chris Tomlin
B26: 2006 | C26: The Best of Passion (So Far) | D26: 25 | E26: All Over The World | G26: Matt Redman
B27: 2006 | C27: The Best of Passion (So Far) | D27: 26 | E27: You Never Let Go | G27: Matt Redman
B28: 2006 | C28: The Best of Passion (So Far) | D28: 27 | E28: Jesus Paid It All | G28: Kristian Stanfill
B29: 2006 | C29: The Best of Passion (So Far) | D29: 28 | E29: You Are My Joy | G29: David Crowder Band
B30: 2006 | C30: The Best of Passion (So Far) | D30: 29 | E30: Glorious | G30: Chris Tomlin
B31: 2006 | C31: The Best of Passion (So Far) | D31: 30 | E31: Jesus Lover Of My Soul | G31: Shelley Nirider
B32: 2014 | C32: Passion: The Essential Collection | D32: 1 | E32: Holy Is The Lord | G32: Chris Tomlin
B33: 2014 | C33: Passion: The Essential Collection | D33: 2 | E33: One Thing Remains | G33: Kristian Stanfill
B34: 2014 | C34: Passion: The Essential Collection | D34: 3 | E34: 10,000 Reasons | F34: Bless the Lord | G34: Matt Redman
B35: 2014 | C35: Passion: The Essential Collection | D35: 4 | E35: Our God | G35: Chris Tomlin
B36: 2014 | C36: Passion: The Essential Collection | D36: 5 | E36: How He Loves | G36: David Crowder Band
B37: 2014 | C37: Passion: The Essential Collection | D37: 6 | E37: Healing Is In Your Hands | G37: Christy Nockels
B38: 2014 | C38: Passion: The Essential Collection | D38: 7 | E38: Whom Shall I Fear | F38: God of Angels Armies | G38: Chris Tomlin
B39: 2014 | C39: Passion: The Essential Collection | D39: 8 | E39: You Never Let Me Go | G39: Matt Redman
B40: 2014 | C40: Passion: The Essential Collection | D40: 9 | E40: Amazing Grace | F40: My Chains Are Gone | G40: Chris Tomlin
B41: 2014 | C41: Passion: The Essential Collection | D41: 10 | E41: Better Is One Day | G41: Charlie Hall
B42: 2014 | C42: Passion: The Essential Collection | D42: 11 | E42: In Christ Alone | G42: Kristian Stanfill
B43: 2014 | C43: Passion: The Essential Collection | D43: 12 | E43: God Of This City | G43: Chris Tomlin
B44: 2014 | C44: Passion: The Essential Collection | D44: 13 | E44: Like A Lion | G44: David Crowder Band
B45: 2014 | C45: Passion: The Essential Collection | D45: 14 | E45: Waiting Here For You | G45: Christy Nockels
B46: 2014 | C46: Passion: The Essential Collection | D46: 15 | E46: How Great Is Our God | G46: Chris Tomlin
B47: 2020 | C47: Passion Collection | D47: 1 | E47: Glorious Day | G47: Kristian Stanfill
B48: 2020 | C48: Passion Collection | D48: 2 | E48: One Thing Remains | G48: Kristian Stanfill
B49: 2020 | C49: Passion Collection | D49: 3 | E49: Even So Come | G49: Chris Tomlin
B50: 2020 | C50: Passion Collection | D50: 4 | E50: There’s Nothing That Our God Can’t Do | G50: Kristian Stanfill
B51: 2020 | C51: Passion Collection | D51: 5 | E51: Here I Am to Worship | G51: Chris Tomlin
B52: 2020 | C52: Passion Collection | D52: 6 | E52: 10,000 Reasons | F52: Bless the Lord | G52: Matt Redman
B53: 2020 | C53: Passion Collection | D53: 7 | E53: How Great Is Our God | G53: Chris Tomlin
B54: 2020 | C54: Passion Collection | D54: 8 | E54: In Christ Alone | G54: Kristian Stanfill
B55: 2020 | C55: Passion Collection | D55: 9 | E55: King of Glory | G55: Kristian Stanfill
B56: 2020 | C56: Passion Collection | D56: 10 | E56: At the Cross | F56: Love Ran Red | G56: Chris Tomlin
B57: 2020 | C57: Passion Collection | D57: 11 | E57: God, You’re So Good | G57: Melodie Malone, Kristian Stanfill
B58: 2020 | C58: Passion Collection | D58: 12 | E58: My Heart Is Yours | G58: Kristian Stanfill
B59: 2020 | C59: Passion Collection | D59: 13 | E59: Build My Life | G59: Brett Younker
B60: 2020 | C60: Passion Collection | D60: 14 | E60: Reckless Love | G60: Melodie Malone
B61: 2020 | C61: Passion Collection | D61: 15 | E61: God's Great Dance Floor | G61: Chris Tomlin
B62: 2020 | C62: Passion Collection | D62: 16 | E62: Worthy of Your Name | G62: Sean Curran
B63: 2020 | C63: Passion Collection | D63: 17 | E63: Praise Him | G63: Melodie Malone
B64: 2020 | C64: Passion Collection | D64: 18 | E64: Holy Ground | G64: Melodie Malone
B65: 2020 | C65: Passion Collection | D65: 19 | E65: The Lord Our God | G65: Passion
B66: 2020 | C66: Passion Collection | D66: 20 | E66: God of Wonders | G66: Chris Tomlin
B67: 2020 | C67: Passion Collection | D67: 21 | E67: You Are My King | F67: Amazing Love | G67: Chris Tomlin
B68: 2020 | C68: Passion Collection | D68: 22 | E68: Whom Shall I Fear | F68: God of Angel Armies | G68: Chris Tomlin
B69: 2020 | C69: Passion Collection | D69: 23 | E69: Way Maker | G69: Cody Carnes, Kari Jobe, Kristian Stanfill
B70: 2020 | C70: Passion Collection | D70: 24 | E70: Follow You Anywhere | G70: Kristian Stanfill
B71: 2020 | C71: Passion Collection | D71: 25 | E71: How He Loves | G71: Crowder
B72: 2020 | C72: Passion Collection | D72: 26 | E72: Forever | G72: Melodie Malone
B73: 2020 | C73: Passion Collection | D73: 27 | E73: Simple Pursuit | G73: Melodie Malone
B74: 2020 | C74: Passion Collection | D74: 28 | E74: Remember | G74: Melodie Malone, Brett Younker
B75: 2020 | C75: Passion Collection | D75: 29 | E75: More Like Jesus | G75: Kristian Stanfill
B76: 2020 | C76: Passion Collection | D76: 30 | E76: Raise a Hallelujah | G76: Brett Younker
B77: 2020 | C77: Passion Collection | D77: 31 | E77: White Flag | G77: Chris Tomlin
B78: 2020 | C78: Passion Collection | D78: 32 | E78: No Turning Back | G78: Chris Tomlin
B79: 2020 | C79: Passion Collection | D79: 33 | E79: Revelation Song | G79: Kari Jobe
B80: 2020 | C80: Passion Collection | D80: 34 | E80: Whole Heart | G80: Kristian Stanfill
... B104: 2020 | C104: Passion Collection | D104: 58 | E104: Take My Life | G104: Chris Tomlin
