Workbook

Sheet Statistics

Sheet Album
A1: Id | B1: Artist | C1: Title | D1: Year | E1: TrackCount | F1: Type | G1: Category | H1: Notes | I1: Path | J1: Exclude | K1: In List?
A2: 1 | B2: Maranatha Praise | C2: Praise 1 - The Praise Album | D2: 1974 | E2: 12 | F2: Studio | G2: Main | I2: AlbumArt/300/Praise 1 - The Praise Album.jpg
A3: 2 | B3: Maranatha Praise | C3: Praise 2 - Open Our Eyes | D3: 1976 | E3: 9 | F3: Studio | G3: Main | I3: AlbumArt/300/Praise 2 - Open Our Eyes.jpg
A4: 3 | B4: Maranatha Praise | C4: Praise 3 - Behold, Bless Ye The Lord | D4: 1979 | E4: 13 | F4: Studio | G4: Main | I4: AlbumArt/300/Praise 3 - Behold, Bless Ye The Lord.jpg
A5: 4 | B5: Maranatha Praise | C5: Praise 4 - In His Time | D5: 1980 | E5: 10 | F5: Studio | G5: Main | I5: AlbumArt/300/Praise 4 - In His Time.jpg
A6: 5 | B6: Maranatha Praise | C6: Praise 5 - Glorify Thy Name | D6: 1981 | E6: 9 | F6: Studio | G6: Main | I6: AlbumArt/300/Praise 5 - Glorify Thy Name.jpg
A7: 6 | B7: Maranatha Praise | C7: Praise 6 - You Are My Hiding Place | D7: 1982 | E7: 11 | F7: Studio | G7: Main | I7: AlbumArt/300/Praise 6 - You Are My Hiding Place.jpg
A8: 7 | B8: Maranatha Praise | C8: Praise 7 - The Lord Reigns | D8: 1985 | E8: 9 | F8: Studio | G8: Main | I8: AlbumArt/300/Praise 7 - The Lord Reigns.jpg
A9: 8 | B9: Maranatha Praise | C9: Praise 8 - As The Deer | D9: 1986 | E9: 10 | F9: Studio | G9: Main | I9: AlbumArt/300/Praise 8 - As The Deer.jpg
A10: 9 | B10: Maranatha Praise | C10: Praise 9 - Great Are You Lord | D10: 1987 | E10: 10 | F10: Studio | G10: Main | I10: AlbumArt/300/Praise 9 - Great Are You Lord.jpg
A11: 10 | B11: Maranatha Praise | C11: Praise 10 - O Lord, My Lord | D11: 1988 | E11: 11 | F11: Studio | G11: Main | I11: AlbumArt/300/Praise 10 - O Lord, My Lord.jpg
A12: 11 | B12: Maranatha Praise | C12: Praise 11 - Let Us Worship Lord Jehovah | D12: 1989 | E12: 11 | F12: Studio | G12: Main | I12: AlbumArt/300/Praise 11 - Let Us Worship Lord Jehovah.jpg
A13: 12 | B13: Maranatha Praise | C13: Praise 12 - He Is Able | D13: 1989 | E13: 12 | F13: Studio | G13: Main | I13: AlbumArt/300/Praise 12 - He Is Able.jpg
... A21: 20 | B21: Maranatha Praise | C21: Praise 20 - Who Is Like The Lord | D21: 1999 | E21: 14 | F21: Studio | G21: Main | I21: AlbumArt/300/Praise 20 - Who Is Like The Lord.jpg
B22: Maranatha Music | C22: Top 50 Modern Worship Songs | D22: 2014 | E22: 50 | F22: Compilation | G22: Main | K22: =IF(COUNTIF(Track!$B:$B,C22)>0,"","NO") -> NO
B23: Maranatha Music | C23: Heart Of Worship - Resurrection | D23: 2015 | E23: 10 | F23: Compilation | G23: Main | K23: =IF(COUNTIF(Track!$B:$B,C23)>0,"","NO") -> NO
B24: Maranatha Music | C24: Top 15 Modern Worship Songs | D24: 2015 | E24: 15 | F24: Compilation | G24: Main | K24: =IF(COUNTIF(Track!$B:$B,C24)>0,"","NO") -> NO
B25: Maranatha Music | C25: Top 25 Modern Worship Songs | D25: 2015 | E25: 25 | F25: Compilation | G25: Main | K25: =IF(COUNTIF(Track!$B:$B,C25)>0,"","NO") -> NO
B26: Maranatha Music | C26: Top 25 Praise Songs (2016 Edition) | D26: 2015 | E26: 25 | F26: Compilation | G26: Main | K26: =IF(COUNTIF(Track!$B:$B,C26)>0,"","NO") -> NO
B27: Maranatha Music | C27: Top 25 Modern Worship Songs 2016 | D27: 2016 | E27: 25 | F27: Compilation | G27: Main | K27: =IF(COUNTIF(Track!$B:$B,C27)>0,"","NO") -> NO
B28: Maranatha Music | C28: Top 50 Modern Worship Songs 2017 | D28: 2016 | E28: 50 | F28: Compilation | G28: Main | K28: =IF(COUNTIF(Track!$B:$B,C28)>0,"","NO") -> NO
B29: Maranatha Music | C29: Top 50 Praise Songs 2016 | D29: 2016 | E29: 50 | F29: Compilation | G29: Main | K29: =IF(COUNTIF(Track!$B:$B,C29)>0,"","NO") -> NO
B30: Maranatha Music | C30: Heart Of Worship - Today | D30: 2017 | E30: 12 | F30: Compilation | G30: Main | K30: =IF(COUNTIF(Track!$B:$B,C30)>0,"","NO")
B31: Maranatha Music | C31: Top 25 Decades - Lord, I Lift Your Name On High | D31: 2017 | E31: 25 | F31: Compilation | G31: Main | K31: =IF(COUNTIF(Track!$B:$B,C31)>0,"","NO")
B32: Maranatha Music | C32: Top 25 Praise Songs - Good Good Father | D32: 2017 | E32: 25 | F32: Compilation | G32: Main | K32: =IF(COUNTIF(Track!$B:$B,C32)>0,"","NO")
B33: Maranatha Music | C33: Top 25 Praise Songs (2017 Edition) | D33: 2017 | E33: 25 | F33: Compilation | G33: Main | K33: =IF(COUNTIF(Track!$B:$B,C33)>0,"","NO") -> NO
... B48: Maranatha Music | C48: Top 25 Praise Songs - The Blessing | D48: 2020 | E48: 25 | F48: Compilation | G48: Main | K48: =IF(COUNTIF(Track!$B:$B,C48)>0,"","NO")

Sheet Track
A1: Id | B1: Album | C1: Year | D1: Track | E1: Title | F1: AltTitle | G1: CcliNumber | H1: Author | I1: Key | J1: Tempo | K1: Performer | L1: Notes
B2: Praise 1 - The Praise Album | C2: 1974 | D2: 1 | E2: Praise The Lord
B3: Praise 1 - The Praise Album | C3: 1974 | D3: 2 | E3: Father, I Adore You
B4: Praise 1 - The Praise Album | C4: 1974 | D4: 3 | E4: Heavenly Father
B5: Praise 1 - The Praise Album | C5: 1974 | D5: 4 | E5: Praise The Lord Together
B6: Praise 1 - The Praise Album | C6: 1974 | D6: 5 | E6: Thy Loving Kindness
B7: Praise 1 - The Praise Album | C7: 1974 | D7: 6 | E7: Set My Spirit Free
B8: Praise 1 - The Praise Album | C8: 1974 | D8: 7 | E8: Bring My Body Closer
B9: Praise 1 - The Praise Album | C9: 1974 | D9: 8 | E9: Love (One Another)
B10: Praise 1 - The Praise Album | C10: 1974 | D10: 9 | E10: Seek Ye First
B11: Praise 1 - The Praise Album | C11: 1974 | D11: 10 | E11: Cause Me To Come
B12: Praise 1 - The Praise Album | C12: 1974 | D12: 11 | E12: Holy, Thou Art Holy
B13: Praise 1 - The Praise Album | C13: 1974 | D13: 12 | E13: Peace Give I To Thee
... B671: Top 25 Praise Songs - The Blessing | C671: 2020 | D671: 25 | E671: One Thing Remains (Your Love Never Fails)

Sheet Unique Songs
A1: Living Hope
A2: Build My Life
A3: Who You Say I Am
A4: What A Beautiful Name
A5: Great Are You Lord
A6: Reckless Love
A7: The Lion And The Lamb
A8: Glorious Day
A9: O Praise The Name (Anástasis)
A10: O Come To The Altar
A11: King Of My Heart
A12: No Longer Slaves
... A96: No Higher Calling
