Workbook

Sheet CcliCombined
A1: Index | B1: Title | C1: Author | D1: CCLI # | E1: Publication Year | F1: Source | G1: In Ccws? | H1: In S&S?
A2: 5 | B2: 10,000 Reasons (Bless The Lord) | C2: Jonas Myrin, Matt Redman | D2: 6016351 | E2: 2011 | F2: CcliTop100Canada | G2: =IF(COUNTIF([1]Index!$H$2:$H$187,D2)>0,"","NO") -> #VALUE!
A3: 63 | B3: Across The Lands | C3: Keith Getty, Stuart Townend | D3: 3709898 | F3: CcliTop100Uk | G3: =IF(COUNTIF([1]Index!$H$2:$H$187,D3)>0,"","NO") -> #VALUE! | H3: =IF(COUNTIF([2]Sheet1!$K$2:$K$233,D3)>0,"","NO") -> #VALUE!
A4: 78 | B4: Agnus Dei | C4: Michael W. Smith | D4: 626713 | E4: 1990 | F4: CcliTop100Canada | G4: =IF(COUNTIF([1]Index!$H$2:$H$187,D4)>0,"","NO") -> #VALUE! | H4: =IF(COUNTIF([2]Sheet1!$K$2:$K$233,D4)>0,"","NO") -> #VALUE!
A5: 76 | B5: All Heaven Declares | C5: Noel Richards, Tricia Richards | D5: 120556 | F5: CcliTop100Uk | G5: =IF(COUNTIF([1]Index!$H$2:$H$187,D5)>0,"","NO") -> #VALUE!
A6: 95 | B6: All Who Are Thirsty | C6: Brenton Brown, Glenn Robertson | D6: 2489542 | E6: 1998 | F6: CcliTop100Canada | G6: =IF(COUNTIF([1]Index!$H$2:$H$187,D6)>0,"","NO") -> #VALUE! | H6: =IF(COUNTIF([2]Sheet1!$K$2:$K$233,D6)>0,"","NO") -> #VALUE!
A7: 24 | B7: Amazing Grace (My Chains Are Gone) | C7: Chris Tomlin, John Newton, Louie Giglio | D7: 4768151 | E7: 2006 | F7: CcliTop100Canada | G7: =IF(COUNTIF([1]Index!$H$2:$H$187,D7)>0,"","NO") -> #VALUE!
A8: 49 | B8: Another In The Fire | C8: Chris Davenport, Joel Houston | D8: 7124907 | F8: CcliTop100Usa | G8: =IF(COUNTIF([1]Index!$H$2:$H$187,D8)>0,"","NO") -> #VALUE!
A9: 79 | B9: As The Deer | C9: Martin Nystrom | D9: 1431 | F9: CcliTop100Uk | G9: =IF(COUNTIF([1]Index!$H$2:$H$187,D9)>0,"","NO") -> #VALUE!
A10: 73 | B10: At The Cross | C10: Hillsong Worship | D10: 29499 | F10: PraiseChartsTop100AllTime | G10: =IF(COUNTIF([1]Index!$H$2:$H$187,D10)>0,"","NO") -> #VALUE!
A11: 89 | B11: At The Cross (Love Ran Red) | C11: Chris Tomlin, Ed Cash, Jonas Myrin, Matt Armstrong, Matt Redman | D11: 7017786 | E11: 2014 | F11: CcliTop100Canada | G11: =IF(COUNTIF([1]Index!$H$2:$H$187,D11)>0,"","NO") -> #VALUE!
A12: 74 | B12: At Your Name | C12: Phil Wickham, Tim Hughes | D12: 5942543 | F12: CcliTop100Uk | G12: =IF(COUNTIF([1]Index!$H$2:$H$187,D12)>0,"","NO") -> #VALUE! | H12: =IF(COUNTIF([2]Sheet1!$K$2:$K$233,D12)>0,"","NO") -> #VALUE!
A13: 16 | B13: Be Still | C13: David J. Evans | D13: 120824 | F13: CcliTop100Uk | G13: =IF(COUNTIF([1]Index!$H$2:$H$187,D13)>0,"","NO") -> #VALUE! | H13: =IF(COUNTIF([2]Sheet1!$K$2:$K$233,D13)>0,"","NO") -> #VALUE!
A14: 90 | B14: Be The Centre | C14: Michael Frye | D14: 2650429 | F14: CcliTop100Uk | G14: =IF(COUNTIF([1]Index!$H$2:$H$187,D14)>0,"","NO") -> #VALUE! | H14: =IF(COUNTIF([2]Sheet1!$K$2:$K$233,D14)>0,"","NO") -> #VALUE!
A15: 90 | B15: Be Unto Your Name | C15: Gary Sadler, Lynn DeShazo | D15: 2177476 | E15: 1998 | F15: CcliTop100Canada | G15: =IF(COUNTIF([1]Index!$H$2:$H$187,D15)>0,"","NO") -> #VALUE! | H15: =IF(COUNTIF([2]Sheet1!$K$2:$K$233,D15)>0,"","NO") -> #VALUE!
A16: 69 | B16: Beautiful Saviour | C16: Stuart Townend | D16: 2492216 | F16: CcliTop100Uk | G16: =IF(COUNTIF([1]Index!$H$2:$H$187,D16)>0,"","NO") -> #VALUE! | H16: =IF(COUNTIF([2]Sheet1!$K$2:$K$233,D16)>0,"","NO") -> #VALUE!
A17: 98 | B17: Beautiful Things | C17: Michael Gungor | D17: 5665521 | F17: PraiseChartsTop100AllTime | G17: =IF(COUNTIF([1]Index!$H$2:$H$187,D17)>0,"","NO") -> #VALUE! | H17: =IF(COUNTIF([2]Sheet1!$K$2:$K$233,D17)>0,"","NO") -> #VALUE!
A18: 44 | B18: Because He Lives | C18: Gloria Gaither, William J. Gaither | D18: 16880 | E18: 1971 | F18: CcliTop100Canada | G18: =IF(COUNTIF([1]Index!$H$2:$H$187,D18)>0,"","NO") -> #VALUE!
A19: 80 | B19: Because He Lives (Amen) | C19: Chris Tomlin, Daniel Carson, Ed Cash, Gloria Gaither, Jason Ingram, Matt Maher, William J. Gaither | D19: 7027887 | F19: CcliTop100Usa | G19: =IF(COUNTIF([1]Index!$H$2:$H$187,D19)>0,"","NO") -> #VALUE! | H19: =IF(COUNTIF([2]Sheet1!$K$2:$K$233,D19)>0,"","NO") -> #VALUE!
A20: 91 | B20: Before The Throne Of God Above | C20: Charitie Lees Bancroft, Vikki Cook | D20: 2306412 | E20: 1997 | F20: CcliTop100Canada | G20: =IF(COUNTIF([1]Index!$H$2:$H$187,D20)>0,"","NO") -> #VALUE!
A21: 55 | B21: Behold Our God | C21: Jonathan Baird, Meghan Baird, Ryan Baird, Stephen Altrogge | D21: 5937510 | F21: CcliTop100Uk | G21: =IF(COUNTIF([1]Index!$H$2:$H$187,D21)>0,"","NO") -> #VALUE!
A22: 19 | B22: Blessed Be Your Name | C22: Beth Redman, Matt Redman | D22: 3798438 | E22: 2002 | F22: CcliTop100Canada | G22: =IF(COUNTIF([1]Index!$H$2:$H$187,D22)>0,"","NO") -> #VALUE!
A23: 3 | B23: Build My Life | C23: Brett Younker, Karl Martin, Kirby Kaple, Matt Redman, Pat Barrett | D23: 7070345 | E23: 2016 | F23: CcliTop100Canada | G23: =IF(COUNTIF([1]Index!$H$2:$H$187,D23)>0,"","NO") -> #VALUE!
A24: 46 | B24: Build Your Kingdom Here | C24: Chris Llewellyn, Gareth Gilkeson, William Herron | D24: 6186078 | E24: 2011 | F24: CcliTop100Canada | G24: =IF(COUNTIF([1]Index!$H$2:$H$187,D24)>0,"","NO") -> #VALUE!
A25: 85 | B25: By Faith | C25: Keith Getty, Kristyn Getty, Stuart Townend | D25: 5469291 | F25: CcliTop100Uk | G25: =IF(COUNTIF([1]Index!$H$2:$H$187,D25)>0,"","NO") -> #VALUE! | H25: =IF(COUNTIF([2]Sheet1!$K$2:$K$233,D25)>0,"","NO") -> #VALUE!
A26: 65 | B26: Chain Breaker | C26: Zach Williams | D26: 7060031 | F26: PraiseChartsTop100AllTime | G26: =IF(COUNTIF([1]Index!$H$2:$H$187,D26)>0,"","NO") -> #VALUE! | H26: =IF(COUNTIF([2]Sheet1!$K$2:$K$233,D26)>0,"","NO") -> #VALUE!
A27: 87 | B27: Christ Be Magnified | C27: Cody Carnes, Cory Asbury, Ethan Hulse | D27: 7139866 | F27: CcliTop100Usa | G27: =IF(COUNTIF([1]Index!$H$2:$H$187,D27)>0,"","NO") -> #VALUE! | H27: =IF(COUNTIF([2]Sheet1!$K$2:$K$233,D27)>0,"","NO") -> #VALUE!
A28: 52 | B28: Christ Is Enough | C28: Jonas Myrin, Reuben Morgan | D28: 6514035 | E28: 2012 | F28: CcliTop100Canada | G28: =IF(COUNTIF([1]Index!$H$2:$H$187,D28)>0,"","NO") -> #VALUE!
A29: 44 | B29: Christ Is Risen | C29: Matt Maher | D29: 5242683 | F29: PraiseChartsTop100AllTime | G29: =IF(COUNTIF([1]Index!$H$2:$H$187,D29)>0,"","NO") -> #VALUE! | H29: =IF(COUNTIF([2]Sheet1!$K$2:$K$233,D29)>0,"","NO") -> #VALUE!
A30: 84 | B30: Come As You Are | C30: Ben Glover, David Crowder, Matt Maher | D30: 7017790 | E30: 2014 | F30: CcliTop100Canada | G30: =IF(COUNTIF([1]Index!$H$2:$H$187,D30)>0,"","NO") -> #VALUE! | H30: =IF(COUNTIF([2]Sheet1!$K$2:$K$233,D30)>0,"","NO") -> #VALUE!
A31: 50 | B31: Come Now Is The Time To Worship | C31: Brian Doerksen | D31: 2430948 | E31: 1998 | F31: CcliTop100Canada | G31: =IF(COUNTIF([1]Index!$H$2:$H$187,D31)>0,"","NO") -> #VALUE!
A32: 24 | B32: Come People Of The Risen King | C32: Keith Getty, Kristyn Getty, Stuart Townend | D32: 5232617 | F32: CcliTop100Uk | G32: =IF(COUNTIF([1]Index!$H$2:$H$187,D32)>0,"","NO") -> #VALUE! | H32: =IF(COUNTIF([2]Sheet1!$K$2:$K$233,D32)>0,"","NO") -> #VALUE!
A33: 41 | B33: Come Thou Fount Come Thou King | C33: Gateway Worship | D33: 4775010 | F33: PraiseChartsTop100AllTime | G33: =IF(COUNTIF([1]Index!$H$2:$H$187,D33)>0,"","NO") -> #VALUE! | H33: =IF(COUNTIF([2]Sheet1!$K$2:$K$233,D33)>0,"","NO") -> #VALUE!
A34: 98 | B34: Consuming Fire | C34: Tim Hughes | D34: 3818569 | F34: CcliTop100Uk | G34: =IF(COUNTIF([1]Index!$H$2:$H$187,D34)>0,"","NO") -> #VALUE! | H34: =IF(COUNTIF([2]Sheet1!$K$2:$K$233,D34)>0,"","NO") -> #VALUE!
A35: 11 | B35: Cornerstone | C35: Edward Mote, Eric Liljero, Jonas Myrin, Reuben Morgan, William Batchelder Bradbury | D35: 6158927 | E35: 2011 | F35: CcliTop100Canada | G35: =IF(COUNTIF([1]Index!$H$2:$H$187,D35)>0,"","NO") -> #VALUE!
A36: 54 | B36: Crown Him (Majesty) | C36: Chris Tomlin | D36: 6463818 | F36: PraiseChartsTop100AllTime | G36: =IF(COUNTIF([1]Index!$H$2:$H$187,D36)>0,"","NO") -> #VALUE!
A37: 71 | B37: Days Of Elijah | C37: Robin Mark | D37: 1537904 | E37: 1996 | F37: CcliTop100Canada | G37: =IF(COUNTIF([1]Index!$H$2:$H$187,D37)>0,"","NO") -> #VALUE!
A38: 60 | B38: Death Was Arrested | C38: Adam Kersh, Brandon Coker, Heath Balltzglier, Paul Taylor Smith | D38: 7046448 | E38: 2015 | F38: CcliTop100Canada | G38: =IF(COUNTIF([1]Index!$H$2:$H$187,D38)>0,"","NO") -> #VALUE!
A39: 47 | B39: Do It Again | C39: Chris Brown, Mack Brock, Matt Redman, Steven Furtick | D39: 7067555 | E39: 2016 | F39: CcliTop100Canada | G39: =IF(COUNTIF([1]Index!$H$2:$H$187,D39)>0,"","NO") -> #VALUE!
A40: 72 | B40: Even So Come | C40: Passion / Chris Tomlin | D40: 7036288 | F40: PraiseChartsTop100AllTime | G40: =IF(COUNTIF([1]Index!$H$2:$H$187,D40)>0,"","NO") -> #VALUE!
A41: 100 | B41: Ever Be | C41: Bobby Strand, Chris Greely, Gabriel Wilson, Kalley Heiligenthal | D41: 7030065 | F41: CcliTop100Usa | G41: =IF(COUNTIF([1]Index!$H$2:$H$187,D41)>0,"","NO") -> #VALUE!
A42: 38 | B42: Everlasting God | C42: Brenton Brown, Ken Riley | D42: 4556538 | E42: 2005 | F42: CcliTop100Canada | G42: =IF(COUNTIF([1]Index!$H$2:$H$187,D42)>0,"","NO") -> #VALUE!
A43: 68 | B43: Faithful One | C43: Brian Doerksen | D43: 465840 | E43: 1989 | F43: CcliTop100Canada | G43: =IF(COUNTIF([1]Index!$H$2:$H$187,D43)>0,"","NO") -> #VALUE! | H43: =IF(COUNTIF([2]Sheet1!$K$2:$K$233,D43)>0,"","NO") -> #VALUE!
A44: 39 | B44: Forever | C44: Chris Tomlin | D44: 3148428 | E44: 2001 | F44: CcliTop100Canada | G44: =IF(COUNTIF([1]Index!$H$2:$H$187,D44)>0,"","NO") -> #VALUE!
A45: 76 | B45: Forever (We Sing Hallelujah) | C45: Brian Johnson, Christa Black Gifford, Gabriel Wilson, Jenn Johnson, Joel Taylor, Kari Jobe | D45: 7001228 | E45: 2013 | F45: CcliTop100Canada | G45: =IF(COUNTIF([1]Index!$H$2:$H$187,D45)>0,"","NO") -> #VALUE!
A46: 83 | B46: Forever Reign | C46: Jason Ingram, Reuben Morgan | D46: 5639997 | F46: CcliTop100Usa | G46: =IF(COUNTIF([1]Index!$H$2:$H$187,D46)>0,"","NO") -> #VALUE! | H46: =IF(COUNTIF([2]Sheet1!$K$2:$K$233,D46)>0,"","NO") -> #VALUE!
A47: 45 | B47: From The Inside Out | C47: Hillsong Worship | D47: 4705176 | F47: PraiseChartsTop100AllTime | G47: =IF(COUNTIF([1]Index!$H$2:$H$187,D47)>0,"","NO") -> #VALUE!
A48: 23 | B48: Glorious Day | C48: Jason Ingram, Jonathan Smith, Kristian Stanfill, Sean Curran | D48: 7081388 | E48: 2017 | F48: CcliTop100Canada | G48: =IF(COUNTIF([1]Index!$H$2:$H$187,D48)>0,"","NO") -> #VALUE!
A49: 92 | B49: Glorious Day (Living He Loved Me) | C49: John Wilbur Chapman, Mark Hall, Michael Bleecker | D49: 5638022 | E49: 2009 | F49: CcliTop100Canada | G49: =IF(COUNTIF([1]Index!$H$2:$H$187,D49)>0,"","NO") -> #VALUE!
A50: 85 | B50: Glory To God Forever | C50: FEE Band | D50: 5384338 | F50: PraiseChartsTop100AllTime | G50: =IF(COUNTIF([1]Index!$H$2:$H$187,D50)>0,"","NO") -> #VALUE! | H50: =IF(COUNTIF([2]Sheet1!$K$2:$K$233,D50)>0,"","NO") -> #VALUE!
A51: 66 | B51: God I Look To You | C51: Ian McIntosh, Jenn Johnson | D51: 5858163 | E51: 2010 | F51: CcliTop100Canada | G51: =IF(COUNTIF([1]Index!$H$2:$H$187,D51)>0,"","NO") -> #VALUE! | H51: =IF(COUNTIF([2]Sheet1!$K$2:$K$233,D51)>0,"","NO") -> #VALUE!
A52: 67 | B52: God Is Able | C52: Hillsong Worship | D52: 5894275 | F52: PraiseChartsTop100AllTime | G52: =IF(COUNTIF([1]Index!$H$2:$H$187,D52)>0,"","NO") -> #VALUE! | H52: =IF(COUNTIF([2]Sheet1!$K$2:$K$233,D52)>0,"","NO") -> #VALUE!
A53: 100 | B53: God Is So Good (You Are Worthy) | C53: Ben Smith, Daniel Bashta, Pat Barrett | D53: 7100964 | E53: 2017 | F53: CcliTop100Canada | G53: =IF(COUNTIF([1]Index!$H$2:$H$187,D53)>0,"","NO") -> #VALUE! | H53: =IF(COUNTIF([2]Sheet1!$K$2:$K$233,D53)>0,"","NO") -> #VALUE!
A54: 78 | B54: God Of Revival | C54: Brian Johnson, Phil Wickham | D54: 7133285 | F54: CcliTop100Usa | G54: =IF(COUNTIF([1]Index!$H$2:$H$187,D54)>0,"","NO") -> #VALUE! | H54: =IF(COUNTIF([2]Sheet1!$K$2:$K$233,D54)>0,"","NO") -> #VALUE!
A55: 88 | B55: God So Loved | C55: Andrew Bergthold, Ed Cash, Franni Cash, Martin Cash, Scott Cash | D55: 7138599 | F55: CcliTop100Usa | G55: =IF(COUNTIF([1]Index!$H$2:$H$187,D55)>0,"","NO") -> #VALUE! | H55: =IF(COUNTIF([2]Sheet1!$K$2:$K$233,D55)>0,"","NO") -> #VALUE!
A56: 67 | B56: God You're So Good | C56: Brett Younker, Brooke Ligertwood, Kristian Stanfill, Scott Ligertwood | D56: 7105729 | E56: 2018 | F56: CcliTop100Canada | G56: =IF(COUNTIF([1]Index!$H$2:$H$187,D56)>0,"","NO") -> #VALUE! | H56: =IF(COUNTIF([2]Sheet1!$K$2:$K$233,D56)>0,"","NO") -> #VALUE!
A57: 12 | B57: Good Good Father | C57: Anthony Brown, Pat Barrett | D57: 7036612 | E57: 2014 | F57: CcliTop100Canada | G57: =IF(COUNTIF([1]Index!$H$2:$H$187,D57)>0,"","NO") -> #VALUE!
A58: 64 | B58: Good Grace | C58: Joel Houston | D58: 7122177 | F58: CcliTop100Usa | G58: =IF(COUNTIF([1]Index!$H$2:$H$187,D58)>0,"","NO") -> #VALUE! | H58: =IF(COUNTIF([2]Sheet1!$K$2:$K$233,D58)>0,"","NO") -> #VALUE!
A59: 10 | B59: Goodness Of God | C59: Ben Fielding, Brian Johnson, Ed Cash, Jason Ingram, Jenn Johnson | D59: 7117726 | E59: 2018 | F59: CcliTop100Canada | G59: =IF(COUNTIF([1]Index!$H$2:$H$187,D59)>0,"","NO") -> #VALUE! | H59: =IF(COUNTIF([2]Sheet1!$K$2:$K$233,D59)>0,"","NO") -> #VALUE!
A60: 48 | B60: Graves Into Gardens | C60: Brandon Lake, Chris Brown, Steven Furtick, Tiffany Hammer | D60: 7138219 | E60: 2019 | F60: CcliTop100Canada | G60: =IF(COUNTIF([1]Index!$H$2:$H$187,D60)>0,"","NO") -> #VALUE! | H60: =IF(COUNTIF([2]Sheet1!$K$2:$K$233,D60)>0,"","NO") -> #VALUE!
A61: 7 | B61: Great Are You Lord | C61: David Leonard, Jason Ingram, Leslie Jordan | D61: 6460220 | E61: 2012 | F61: CcliTop100Canada | G61: =IF(COUNTIF([1]Index!$H$2:$H$187,D61)>0,"","NO") -> #VALUE!
A62: 34 | B62: Great Big God | C62: Jo Hemming, Nigel Hemming | D62: 3373437 | F62: CcliTop100Uk | G62: =IF(COUNTIF([1]Index!$H$2:$H$187,D62)>0,"","NO") -> #VALUE! | H62: =IF(COUNTIF([2]Sheet1!$K$2:$K$233,D62)>0,"","NO") -> #VALUE!
A63: 85 | B63: Great I Am | C63: Jared Anderson | D63: 5881491 | F63: CcliTop100Usa | G63: =IF(COUNTIF([1]Index!$H$2:$H$187,D63)>0,"","NO") -> #VALUE!
A64: 100 | B64: Great Is The Lord | C64: Steve McEwan | D64: 10769 | F64: CcliTop100Uk | G64: =IF(COUNTIF([1]Index!$H$2:$H$187,D64)>0,"","NO") -> #VALUE! | H64: =IF(COUNTIF([2]Sheet1!$K$2:$K$233,D64)>0,"","NO") -> #VALUE!
A65: 36 | B65: Great Is Thy Faithfulness | C65: Thomas Obediah Chisholm, William Marion Runyan | D65: 18723 | F65: CcliTop100Uk | G65: =IF(COUNTIF([1]Index!$H$2:$H$187,D65)>0,"","NO") -> #VALUE!
A66: 91 | B66: Great Is Thy Faithfulness | C66: Thomas Obediah Chisholm | D66: 5196100 | F66: CcliTop100Uk | G66: =IF(COUNTIF([1]Index!$H$2:$H$187,D66)>0,"","NO") -> #VALUE! | H66: =IF(COUNTIF([2]Sheet1!$K$2:$K$233,D66)>0,"","NO") -> #VALUE!
A67: 28 | B67: Great Things | C67: Jonas Myrin, Phil Wickham | D67: 7111321 | E67: 2018 | F67: CcliTop100Canada | G67: =IF(COUNTIF([1]Index!$H$2:$H$187,D67)>0,"","NO") -> #VALUE! | H67: =IF(COUNTIF([2]Sheet1!$K$2:$K$233,D67)>0,"","NO") -> #VALUE!
A68: 91 | B68: Great Things | C68: Phil Wickham | D68: 7076958 | F68: PraiseChartsTop100AllTime | G68: =IF(COUNTIF([1]Index!$H$2:$H$187,D68)>0,"","NO") -> #VALUE! | H68: =IF(COUNTIF([2]Sheet1!$K$2:$K$233,D68)>0,"","NO") -> #VALUE!
A69: 61 | B69: Happy Day | C69: Ben Cantelon, Tim Hughes | D69: 4847027 | F69: CcliTop100Uk | G69: =IF(COUNTIF([1]Index!$H$2:$H$187,D69)>0,"","NO") -> #VALUE! | H69: =IF(COUNTIF([2]Sheet1!$K$2:$K$233,D69)>0,"","NO") -> #VALUE!
A70: 70 | B70: He Shall Reign Forevermore | C70: Chris Tomlin | D70: 7050416 | F70: PraiseChartsTop100AllTime | G70: =IF(COUNTIF([1]Index!$H$2:$H$187,D70)>0,"","NO") -> #VALUE! | H70: =IF(COUNTIF([2]Sheet1!$K$2:$K$233,D70)>0,"","NO") -> #VALUE!
A71: 85 | B71: He Will Hold Me Fast | C71: Ada Ruth Habershon, Matthew Merker | D71: 7016161 | E71: 2013 | F71: CcliTop100Canada | G71: =IF(COUNTIF([1]Index!$H$2:$H$187,D71)>0,"","NO") -> #VALUE! | H71: =IF(COUNTIF([2]Sheet1!$K$2:$K$233,D71)>0,"","NO") -> #VALUE!
A72: 83 | B72: Hear The Call Of The Kingdom | C72: Keith Getty, Kristyn Getty, Stuart Townend | D72: 4930752 | F72: CcliTop100Uk | G72: =IF(COUNTIF([1]Index!$H$2:$H$187,D72)>0,"","NO") -> #VALUE! | H72: =IF(COUNTIF([2]Sheet1!$K$2:$K$233,D72)>0,"","NO") -> #VALUE!
A73: 99 | B73: Here Again | C73: Amy Corbett, Chris Brown, Steven Furtick | D73: 7111925 | E73: 2018 | F73: CcliTop100Canada | G73: =IF(COUNTIF([1]Index!$H$2:$H$187,D73)>0,"","NO") -> #VALUE!
A74: 93 | B74: Here For You | C74: Jesse Reeves, Matt Maher, Matt Redman, Tim Wanstall | D74: 5925649 | E74: 2011 | F74: CcliTop100Canada | G74: =IF(COUNTIF([1]Index!$H$2:$H$187,D74)>0,"","NO") -> #VALUE!
A75: 32 | B75: Here I Am To Worship | C75: Tim Hughes | D75: 3266032 | E75: 2000 | F75: CcliTop100Canada | G75: =IF(COUNTIF([1]Index!$H$2:$H$187,D75)>0,"","NO") -> #VALUE!
A76: 43 | B76: His Mercy Is More | C76: Matt Boswell, Matt Papa | D76: 7065053 | E76: 2016 | F76: CcliTop100Canada | G76: =IF(COUNTIF([1]Index!$H$2:$H$187,D76)>0,"","NO") -> #VALUE! | H76: =IF(COUNTIF([2]Sheet1!$K$2:$K$233,D76)>0,"","NO") -> #VALUE!
A77: 99 | B77: Holy Holy | C77: Nathan Fellingham | D77: 1540719 | F77: CcliTop100Uk | G77: =IF(COUNTIF([1]Index!$H$2:$H$187,D77)>0,"","NO") -> #VALUE! | H77: =IF(COUNTIF([2]Sheet1!$K$2:$K$233,D77)>0,"","NO") -> #VALUE!
A78: 86 | B78: Holy Is The Lord | C78: Chris Tomlin / Passion | D78: 4158039 | F78: PraiseChartsTop100AllTime | G78: =IF(COUNTIF([1]Index!$H$2:$H$187,D78)>0,"","NO") -> #VALUE! | H78: =IF(COUNTIF([2]Sheet1!$K$2:$K$233,D78)>0,"","NO") -> #VALUE!
A79: 25 | B79: Holy Spirit | C79: Bryan Torwalt, Katie Torwalt | D79: 6087919 | E79: 2011 | F79: CcliTop100Canada | G79: =IF(COUNTIF([1]Index!$H$2:$H$187,D79)>0,"","NO") -> #VALUE! | H79: =IF(COUNTIF([2]Sheet1!$K$2:$K$233,D79)>0,"","NO") -> #VALUE!
A80: 75 | B80: Holy Spirit | C80: Keith Getty, Stuart Townend | D80: 4779872 | E80: 2006 | F80: CcliTop100Canada | G80: =IF(COUNTIF([1]Index!$H$2:$H$187,D80)>0,"","NO") -> #VALUE! | H80: =IF(COUNTIF([2]Sheet1!$K$2:$K$233,D80)>0,"","NO") -> #VALUE!
A81: 61 | B81: Holy Water | C81: Andrew Bergthold, Ed Cash, Franni Cash, Martin Cash, Scott Cash | D81: 7136448 | F81: CcliTop100Usa | G81: =IF(COUNTIF([1]Index!$H$2:$H$187,D81)>0,"","NO") -> #VALUE! | H81: =IF(COUNTIF([2]Sheet1!$K$2:$K$233,D81)>0,"","NO") -> #VALUE!
A82: 83 | B82: Hope Of The Nations | C82: Brian Doerksen | D82: 3540703 | E82: 2002 | F82: CcliTop100Canada | G82: =IF(COUNTIF([1]Index!$H$2:$H$187,D82)>0,"","NO") -> #VALUE! | H82: =IF(COUNTIF([2]Sheet1!$K$2:$K$233,D82)>0,"","NO") -> #VALUE!
A83: 57 | B83: Hosanna | C83: Brooke Ligertwood | D83: 4785835 | E83: 2006 | F83: CcliTop100Canada | G83: =IF(COUNTIF([1]Index!$H$2:$H$187,D83)>0,"","NO") -> #VALUE!
A84: 39 | B84: Hosanna | C84: Hillsong UNITED | D84: 21545 | F84: PraiseChartsTop100AllTime | G84: =IF(COUNTIF([1]Index!$H$2:$H$187,D84)>0,"","NO") -> #VALUE!
A85: 17 | B85: Hosanna (Praise Is Rising) | C85: Brenton Brown, Paul Baloche | D85: 4662491 | E85: 2006 | F85: CcliTop100Canada | G85: =IF(COUNTIF([1]Index!$H$2:$H$187,D85)>0,"","NO") -> #VALUE!
A86: 21 | B86: How Deep The Father's Love For Us | C86: Stuart Townend | D86: 1558110 | E86: 1995 | F86: CcliTop100Canada | G86: =IF(COUNTIF([1]Index!$H$2:$H$187,D86)>0,"","NO") -> #VALUE!
A87: 15 | B87: How Great Is Our God | C87: Chris Tomlin, Ed Cash, Jesse Reeves | D87: 4348399 | E87: 2004 | F87: CcliTop100Canada | G87: =IF(COUNTIF([1]Index!$H$2:$H$187,D87)>0,"","NO") -> #VALUE!
A88: 36 | B88: How Great Thou Art | C88: Stuart Wesley Keene Hine | D88: 14181 | E88: 1953 | F88: CcliTop100Canada | G88: =IF(COUNTIF([1]Index!$H$2:$H$187,D88)>0,"","NO") -> #VALUE!
A89: 69 | B89: How He Loves | C89: John Mark McMillan | D89: 5032549 | F89: CcliTop100Usa | G89: =IF(COUNTIF([1]Index!$H$2:$H$187,D89)>0,"","NO") -> #VALUE! | H89: =IF(COUNTIF([2]Sheet1!$K$2:$K$233,D89)>0,"","NO") -> #VALUE!
A90: 97 | B90: I Can Only Imagine | C90: MercyMe | D90: 2978857 | F90: PraiseChartsTop100AllTime | G90: =IF(COUNTIF([1]Index!$H$2:$H$187,D90)>0,"","NO") -> #VALUE!
A91: 93 | B91: I Give You My Heart | C91: Reuben Morgan | D91: 1866132 | F91: CcliTop100Uk | G91: =IF(COUNTIF([1]Index!$H$2:$H$187,D91)>0,"","NO") -> #VALUE! | H91: =IF(COUNTIF([2]Sheet1!$K$2:$K$233,D91)>0,"","NO") -> #VALUE!
A92: 96 | B92: I Stand Amazed (How Marvelous) | C92: Charles Hutchinson Gabriel, Chris Tomlin | D92: 4674207 | E92: 2006 | F92: CcliTop100Canada | G92: =IF(COUNTIF([1]Index!$H$2:$H$187,D92)>0,"","NO") -> #VALUE! | H92: =IF(COUNTIF([2]Sheet1!$K$2:$K$233,D92)>0,"","NO") -> #VALUE!
A93: 78 | B93: I Will Follow | C93: Chris Tomlin | D93: 5806878 | F93: PraiseChartsTop100AllTime | G93: =IF(COUNTIF([1]Index!$H$2:$H$187,D93)>0,"","NO") -> #VALUE!
A94: 59 | B94: I Will Offer Up My Life | C94: Matt Redman | D94: 1083764 | F94: CcliTop100Uk | G94: =IF(COUNTIF([1]Index!$H$2:$H$187,D94)>0,"","NO") -> #VALUE! | H94: =IF(COUNTIF([2]Sheet1!$K$2:$K$233,D94)>0,"","NO") -> #VALUE!
A95: 20 | B95: I Will Rise | C95: Chris Tomlin | D95: 5183450 | F95: PraiseChartsTop100AllTime | G95: =IF(COUNTIF([1]Index!$H$2:$H$187,D95)>0,"","NO") -> #VALUE!
A96: 13 | B96: In Christ Alone | C96: Keith Getty, Stuart Townend | D96: 3350395 | E96: 2001 | F96: CcliTop100Canada | G96: =IF(COUNTIF([1]Index!$H$2:$H$187,D96)>0,"","NO") -> #VALUE!
A97: 73 | B97: Indescribable | C97: Jesse Reeves, Laura Story | D97: 4403076 | F97: CcliTop100Uk | G97: =IF(COUNTIF([1]Index!$H$2:$H$187,D97)>0,"","NO") -> #VALUE!
A98: 55 | B98: Is He Worthy | C98: Andrew Peterson, Ben Shive | D98: 7108951 | E98: 2018 | F98: CcliTop100Canada | G98: =IF(COUNTIF([1]Index!$H$2:$H$187,D98)>0,"","NO") -> #VALUE! | H98: =IF(COUNTIF([2]Sheet1!$K$2:$K$233,D98)>0,"","NO") -> #VALUE!
A99: 88 | B99: It Is Well | C99: Horatio Gates Spafford, Kristene DiMarco, Philip Paul Bliss | D99: 7021972 | E99: 2013 | F99: CcliTop100Canada | G99: =IF(COUNTIF([1]Index!$H$2:$H$187,D99)>0,"","NO") -> #VALUE!
A100: 89 | B100: Jesus | C100: Chris Tomlin | D100: 7067249 | F100: PraiseChartsTop100AllTime | G100: =IF(COUNTIF([1]Index!$H$2:$H$187,D100)>0,"","NO") -> #VALUE! | H100: =IF(COUNTIF([2]Sheet1!$K$2:$K$233,D100)>0,"","NO") -> #VALUE!
...

Sheet CcliTop100Canada
A1: Index | B1: Title | C1: Author | D1: CCLI # | E1: Publication Year | F1: Source | G1: In S&S | H1: In CCWS | I1: In Usa? | J1: In Uk?
A2: 1 | B2: Way Maker | C2: Osinachi Kalu Okoro Egbu | D2: 7115744 | E2: 2016 | F2: CcliTop100Canada | G2: =IF(COUNTIF([2]Sheet1!$K$2:$K$229,D2)>0,"","NO") -> NO | H2: =IF(COUNTIF([1]Index!$H$2:$H$187,D2)>0,"","NO") | I2: =IF(COUNTIF(CcliTop100Usa!$D$2:$D$101,D2)>0,"","NO") | J2: =IF(COUNTIF(CcliTop100Uk!$D$2:$D$101,D2)>0,"","NO")
A3: 2 | B3: Living Hope | C3: Brian Johnson, Phil Wickham | D3: 7106807 | E3: 2017 | F3: CcliTop100Canada | G3: =IF(COUNTIF([2]Sheet1!$K$2:$K$229,D3)>0,"","NO") | H3: =IF(COUNTIF([1]Index!$H$2:$H$187,D3)>0,"","NO") | I3: =IF(COUNTIF(CcliTop100Usa!$D$2:$D$101,D3)>0,"","NO") | J3: =IF(COUNTIF(CcliTop100Uk!$D$2:$D$101,D3)>0,"","NO")
A4: 3 | B4: Build My Life | C4: Brett Younker, Karl Martin, Kirby Kaple, Matt Redman, Pat Barrett | D4: 7070345 | E4: 2016 | F4: CcliTop100Canada | G4: =IF(COUNTIF([2]Sheet1!$K$2:$K$229,D4)>0,"","NO") | H4: =IF(COUNTIF([1]Index!$H$2:$H$187,D4)>0,"","NO") | I4: =IF(COUNTIF(CcliTop100Usa!$D$2:$D$101,D4)>0,"","NO") | J4: =IF(COUNTIF(CcliTop100Uk!$D$2:$D$101,D4)>0,"","NO")
A5: 4 | B5: What A Beautiful Name | C5: Ben Fielding, Brooke Ligertwood | D5: 7068424 | E5: 2016 | F5: CcliTop100Canada | G5: =IF(COUNTIF([2]Sheet1!$K$2:$K$229,D5)>0,"","NO") | H5: =IF(COUNTIF([1]Index!$H$2:$H$187,D5)>0,"","NO") | I5: =IF(COUNTIF(CcliTop100Usa!$D$2:$D$101,D5)>0,"","NO") | J5: =IF(COUNTIF(CcliTop100Uk!$D$2:$D$101,D5)>0,"","NO")
A6: 5 | B6: 10,000 Reasons (Bless The Lord) | C6: Jonas Myrin, Matt Redman | D6: 6016351 | E6: 2011 | F6: CcliTop100Canada | G6: =IF(COUNTIF([2]Sheet1!$K$2:$K$229,D6)>0,"","NO") | H6: =IF(COUNTIF([1]Index!$H$2:$H$187,D6)>0,"","NO") | I6: =IF(COUNTIF(CcliTop100Usa!$D$2:$D$101,D6)>0,"","NO") | J6: =IF(COUNTIF(CcliTop100Uk!$D$2:$D$101,D6)>0,"","NO")
A7: 6 | B7: Who You Say I Am | C7: Ben Fielding, Reuben Morgan | D7: 7102401 | E7: 2017 | F7: CcliTop100Canada | G7: =IF(COUNTIF([2]Sheet1!$K$2:$K$229,D7)>0,"","NO") | H7: =IF(COUNTIF([1]Index!$H$2:$H$187,D7)>0,"","NO") | I7: =IF(COUNTIF(CcliTop100Usa!$D$2:$D$101,D7)>0,"","NO") | J7: =IF(COUNTIF(CcliTop100Uk!$D$2:$D$101,D7)>0,"","NO")
A8: 7 | B8: Great Are You Lord | C8: David Leonard, Jason Ingram, Leslie Jordan | D8: 6460220 | E8: 2012 | F8: CcliTop100Canada | G8: =IF(COUNTIF([2]Sheet1!$K$2:$K$229,D8)>0,"","NO") | H8: =IF(COUNTIF([1]Index!$H$2:$H$187,D8)>0,"","NO") | I8: =IF(COUNTIF(CcliTop100Usa!$D$2:$D$101,D8)>0,"","NO") | J8: =IF(COUNTIF(CcliTop100Uk!$D$2:$D$101,D8)>0,"","NO")
A9: 8 | B9: This Is Amazing Grace | C9: Jeremy Riddle, Josh Farro, Phil Wickham | D9: 6333821 | E9: 2012 | F9: CcliTop100Canada | G9: =IF(COUNTIF([2]Sheet1!$K$2:$K$229,D9)>0,"","NO") | H9: =IF(COUNTIF([1]Index!$H$2:$H$187,D9)>0,"","NO") | I9: =IF(COUNTIF(CcliTop100Usa!$D$2:$D$101,D9)>0,"","NO") | J9: =IF(COUNTIF(CcliTop100Uk!$D$2:$D$101,D9)>0,"","NO")
A10: 9 | B10: Lord I Need You | C10: Christy Nockels, Daniel Carson, Jesse Reeves, Kristian Stanfill, Matt Maher | D10: 5925687 | E10: 2011 | F10: CcliTop100Canada | G10: =IF(COUNTIF([2]Sheet1!$K$2:$K$229,D10)>0,"","NO") | H10: =IF(COUNTIF([1]Index!$H$2:$H$187,D10)>0,"","NO") | I10: =IF(COUNTIF(CcliTop100Usa!$D$2:$D$101,D10)>0,"","NO") | J10: =IF(COUNTIF(CcliTop100Uk!$D$2:$D$101,D10)>0,"","NO") -> NO
A11: 10 | B11: Goodness Of God | C11: Ben Fielding, Brian Johnson, Ed Cash, Jason Ingram, Jenn Johnson | D11: 7117726 | E11: 2018 | F11: CcliTop100Canada | G11: =IF(COUNTIF([2]Sheet1!$K$2:$K$229,D11)>0,"","NO") | H11: =IF(COUNTIF([1]Index!$H$2:$H$187,D11)>0,"","NO") -> NO | I11: =IF(COUNTIF(CcliTop100Usa!$D$2:$D$101,D11)>0,"","NO") | J11: =IF(COUNTIF(CcliTop100Uk!$D$2:$D$101,D11)>0,"","NO")
A12: 11 | B12: Cornerstone | C12: Edward Mote, Eric Liljero, Jonas Myrin, Reuben Morgan, William Batchelder Bradbury | D12: 6158927 | E12: 2011 | F12: CcliTop100Canada | G12: =IF(COUNTIF([2]Sheet1!$K$2:$K$229,D12)>0,"","NO") | H12: =IF(COUNTIF([1]Index!$H$2:$H$187,D12)>0,"","NO") | I12: =IF(COUNTIF(CcliTop100Usa!$D$2:$D$101,D12)>0,"","NO") | J12: =IF(COUNTIF(CcliTop100Uk!$D$2:$D$101,D12)>0,"","NO")
A13: 12 | B13: Good Good Father | C13: Anthony Brown, Pat Barrett | D13: 7036612 | E13: 2014 | F13: CcliTop100Canada | G13: =IF(COUNTIF([2]Sheet1!$K$2:$K$229,D13)>0,"","NO") | H13: =IF(COUNTIF([1]Index!$H$2:$H$187,D13)>0,"","NO") | I13: =IF(COUNTIF(CcliTop100Usa!$D$2:$D$101,D13)>0,"","NO") | J13: =IF(COUNTIF(CcliTop100Uk!$D$2:$D$101,D13)>0,"","NO")
... A101: 100 | B101: God Is So Good (You Are Worthy) | C101: Ben Smith, Daniel Bashta, Pat Barrett | D101: 7100964 | E101: 2017 | F101: CcliTop100Canada | G101: =IF(COUNTIF([2]Sheet1!$K$2:$K$229,D101)>0,"","NO") -> NO | H101: =IF(COUNTIF([1]Index!$H$2:$H$187,D101)>0,"","NO") -> NO | I101: =IF(COUNTIF(CcliTop100Usa!$D$2:$D$101,D101)>0,"","NO") -> NO | J101: =IF(COUNTIF(CcliTop100Uk!$D$2:$D$101,D101)>0,"","NO") -> NO
E102: =COUNTBLANK(E2:E101) -> 0 | G102: =COUNTIF(G2:G101, "NO") -> 30 | H102: =COUNTIF(H2:H101, "NO") -> 34 | I102: =COUNTIF(I2:I101, "NO") -> 23 | J102: =COUNTIF(J2:J101, "NO") -> 39

Sheet CcliTop100Usa
A1: Index | B1: Title | C1: Author | D1: CCLI # | E1: Publication Year | F1: Source | G1: In Canada?
A2: 1 | B2: Way Maker | C2: Osinachi Kalu Okoro Egbu | D2: 7115744 | F2: CcliTop100Usa | G2: =IF(COUNTIF(CcliTop100Canada!$D$2:$D$101,D2)>0,"","NO")
A3: 2 | B3: Build My Life | C3: Brett Younker, Karl Martin, Kirby Kaple, Matt Redman, Pat Barrett | D3: 7070345 | F3: CcliTop100Usa | G3: =IF(COUNTIF(CcliTop100Canada!$D$2:$D$101,D3)>0,"","NO")
A4: 3 | B4: Living Hope | C4: Brian Johnson, Phil Wickham | D4: 7106807 | F4: CcliTop100Usa | G4: =IF(COUNTIF(CcliTop100Canada!$D$2:$D$101,D4)>0,"","NO")
A5: 4 | B5: Who You Say I Am | C5: Ben Fielding, Reuben Morgan | D5: 7102401 | F5: CcliTop100Usa | G5: =IF(COUNTIF(CcliTop100Canada!$D$2:$D$101,D5)>0,"","NO")
A6: 5 | B6: What A Beautiful Name | C6: Ben Fielding, Brooke Ligertwood | D6: 7068424 | F6: CcliTop100Usa | G6: =IF(COUNTIF(CcliTop100Canada!$D$2:$D$101,D6)>0,"","NO")
A7: 6 | B7: Raise A Hallelujah | C7: Jake Stevens, Jonathan David Helser, Melissa Helser, Molly Skaggs | D7: 7119315 | F7: CcliTop100Usa | G7: =IF(COUNTIF(CcliTop100Canada!$D$2:$D$101,D7)>0,"","NO")
A8: 7 | B8: Great Are You Lord | C8: David Leonard, Jason Ingram, Leslie Jordan | D8: 6460220 | F8: CcliTop100Usa | G8: =IF(COUNTIF(CcliTop100Canada!$D$2:$D$101,D8)>0,"","NO")
A9: 8 | B9: Goodness Of God | C9: Ben Fielding, Brian Johnson, Ed Cash, Jason Ingram, Jenn Johnson | D9: 7117726 | F9: CcliTop100Usa | G9: =IF(COUNTIF(CcliTop100Canada!$D$2:$D$101,D9)>0,"","NO")
A10: 9 | B10: This Is Amazing Grace | C10: Jeremy Riddle, Josh Farro, Phil Wickham | D10: 6333821 | F10: CcliTop100Usa | G10: =IF(COUNTIF(CcliTop100Canada!$D$2:$D$101,D10)>0,"","NO")
A11: 10 | B11: 10,000 Reasons (Bless The Lord) | C11: Jonas Myrin, Matt Redman | D11: 6016351 | F11: CcliTop100Usa | G11: =IF(COUNTIF(CcliTop100Canada!$D$2:$D$101,D11)>0,"","NO")
A12: 11 | B12: The Blessing | C12: Chris Brown, Cody Carnes, Kari Jobe, Steven Furtick | D12: 7147007 | F12: CcliTop100Usa | G12: =IF(COUNTIF(CcliTop100Canada!$D$2:$D$101,D12)>0,"","NO")
A13: 12 | B13: Glorious Day | C13: Jason Ingram, Jonathan Smith, Kristian Stanfill, Sean Curran | D13: 7081388 | F13: CcliTop100Usa | G13: =IF(COUNTIF(CcliTop100Canada!$D$2:$D$101,D13)>0,"","NO")
... A101: 100 | B101: Ever Be | C101: Bobby Strand, Chris Greely, Gabriel Wilson, Kalley Heiligenthal | D101: 7030065 | F101: CcliTop100Usa | G101: =IF(COUNTIF(CcliTop100Canada!$D$2:$D$101,D101)>0,"","NO") -> NO
G102: =COUNTIF(G2:G101, "NO") -> 23
G103: =COUNTIF(G2:G101, "NO") -> 23

Sheet CcliTop100Uk
A1: Index | B1: Title | C1: Author | D1: CCLI # | E1: Publication Year | F1: Source | G1: In Canada? | H1: In Usa?
A2: 1 | B2: 10,000 Reasons (Bless The Lord) | C2: Jonas Myrin, Matt Redman | D2: 6016351 | F2: CcliTop100Uk | G2: =IF(COUNTIF(CcliTop100Canada!$D$2:$D$101,D2)>0,"","NO") | H2: =IF(COUNTIF(CcliTop100Usa!$D$2:$D$101,D2)>0,"","NO")
A3: 2 | B3: In Christ Alone | C3: Keith Getty, Stuart Townend | D3: 3350395 | F3: CcliTop100Uk | G3: =IF(COUNTIF(CcliTop100Canada!$D$2:$D$101,D3)>0,"","NO") | H3: =IF(COUNTIF(CcliTop100Usa!$D$2:$D$101,D3)>0,"","NO")
A4: 3 | B4: Cornerstone | C4: Edward Mote, Eric Liljero, Jonas Myrin, Reuben Morgan, William Batchelder Bradbury | D4: 6158927 | F4: CcliTop100Uk | G4: =IF(COUNTIF(CcliTop100Canada!$D$2:$D$101,D4)>0,"","NO") | H4: =IF(COUNTIF(CcliTop100Usa!$D$2:$D$101,D4)>0,"","NO")
A5: 4 | B5: O Praise The Name (Anástasis) | C5: Benjamin Hastings, Dean Ussher, Marty Sampson | D5: 7037787 | F5: CcliTop100Uk | G5: =IF(COUNTIF(CcliTop100Canada!$D$2:$D$101,D5)>0,"","NO") | H5: =IF(COUNTIF(CcliTop100Usa!$D$2:$D$101,D5)>0,"","NO")
A6: 5 | B6: What A Beautiful Name | C6: Ben Fielding, Brooke Ligertwood | D6: 7068424 | F6: CcliTop100Uk | G6: =IF(COUNTIF(CcliTop100Canada!$D$2:$D$101,D6)>0,"","NO") | H6: =IF(COUNTIF(CcliTop100Usa!$D$2:$D$101,D6)>0,"","NO")
A7: 6 | B7: How Great Is Our God | C7: Chris Tomlin, Ed Cash, Jesse Reeves | D7: 4348399 | F7: CcliTop100Uk | G7: =IF(COUNTIF(CcliTop100Canada!$D$2:$D$101,D7)>0,"","NO") | H7: =IF(COUNTIF(CcliTop100Usa!$D$2:$D$101,D7)>0,"","NO")
A8: 7 | B8: This Is Amazing Grace | C8: Jeremy Riddle, Josh Farro, Phil Wickham | D8: 6333821 | F8: CcliTop100Uk | G8: =IF(COUNTIF(CcliTop100Canada!$D$2:$D$101,D8)>0,"","NO") | H8: =IF(COUNTIF(CcliTop100Usa!$D$2:$D$101,D8)>0,"","NO")
A9: 8 | B9: Way Maker | C9: Osinachi Kalu Okoro Egbu | D9: 7115744 | F9: CcliTop100Uk | G9: =IF(COUNTIF(CcliTop100Canada!$D$2:$D$101,D9)>0,"","NO") | H9: =IF(COUNTIF(CcliTop100Usa!$D$2:$D$101,D9)>0,"","NO")
A10: 9 | B10: Living Hope | C10: Brian Johnson, Phil Wickham | D10: 7106807 | F10: CcliTop100Uk | G10: =IF(COUNTIF(CcliTop100Canada!$D$2:$D$101,D10)>0,"","NO") | H10: =IF(COUNTIF(CcliTop100Usa!$D$2:$D$101,D10)>0,"","NO")
A11: 10 | B11: Psalm 23 | C11: Stuart Townend | D11: 1585970 | F11: CcliTop100Uk | G11: =IF(COUNTIF(CcliTop100Canada!$D$2:$D$101,D11)>0,"","NO") -> NO | H11: =IF(COUNTIF(CcliTop100Usa!$D$2:$D$101,D11)>0,"","NO") -> NO
A12: 11 | B12: Build My Life | C12: Brett Younker, Karl Martin, Kirby Kaple, Matt Redman, Pat Barrett | D12: 7070345 | F12: CcliTop100Uk | G12: =IF(COUNTIF(CcliTop100Canada!$D$2:$D$101,D12)>0,"","NO") | H12: =IF(COUNTIF(CcliTop100Usa!$D$2:$D$101,D12)>0,"","NO")
A13: 12 | B13: How Great Thou Art | C13: Stuart Wesley Keene Hine | D13: 14181 | F13: CcliTop100Uk | G13: =IF(COUNTIF(CcliTop100Canada!$D$2:$D$101,D13)>0,"","NO") | H13: =IF(COUNTIF(CcliTop100Usa!$D$2:$D$101,D13)>0,"","NO")
... A101: 100 | B101: Great Is The Lord | C101: Steve McEwan | D101: 10769 | F101: CcliTop100Uk | G101: =IF(COUNTIF(CcliTop100Canada!$D$2:$D$101,D101)>0,"","NO") -> NO | H101: =IF(COUNTIF(CcliTop100Usa!$D$2:$D$101,D101)>0,"","NO") -> NO
G102: =COUNTIF(G2:G101, "NO") -> 39 | H102: =COUNTIF(H2:H101, "NO") -> 48

Sheet PraiseChartsTop100AllTime
A1: Index | B1: Title | C1: Author | D1: CCLI # | E1: Publication Year | F1: Source | G1: In Canada? | H1: dup/xmas
A2: 1 | B2: 10,000 Reasons (Bless The Lord) | C2: Matt Redman / Passion | D2: 6016351 | F2: PraiseChartsTop100AllTime | G2: =IF(COUNTIF(CcliTop100Canada!$D$2:$D$163,D2)>0,"","NO")
A3: 2 | B3: Amazing Grace (My Chains Are Gone) | C3: Chris Tomlin | D3: 4768151 | F3: PraiseChartsTop100AllTime | G3: =IF(COUNTIF(CcliTop100Canada!$D$2:$D$163,D3)>0,"","NO")
A4: 29 | B4: Angels We Have Heard On High | C4: Chris Tomlin | D4: #N/A | F4: PraiseChartsTop100AllTime | G4: =IF(COUNTIF(CcliTop100Canada!$D$2:$D$163,D4)>0,"","NO") -> NO | H4: xmas
A5: 73 | B5: At The Cross | C5: Hillsong Worship | D5: 29499 | F5: PraiseChartsTop100AllTime | G5: =IF(COUNTIF(CcliTop100Canada!$D$2:$D$163,D5)>0,"","NO") -> NO
A6: 84 | B6: At The Cross (Love Ran Red) | C6: Chris Tomlin | D6: 7017786 | F6: PraiseChartsTop100AllTime | G6: =IF(COUNTIF(CcliTop100Canada!$D$2:$D$163,D6)>0,"","NO")
A7: 98 | B7: Beautiful Things | C7: Michael Gungor | D7: 5665521 | F7: PraiseChartsTop100AllTime | G7: =IF(COUNTIF(CcliTop100Canada!$D$2:$D$163,D7)>0,"","NO") -> NO
A8: 25 | B8: Because He Lives (Amen) | C8: Matt Maher | D8: 7027887 | F8: PraiseChartsTop100AllTime | G8: =IF(COUNTIF(CcliTop100Canada!$D$2:$D$163,D8)>0,"","NO") -> NO
A9: 83 | B9: Blessed Be Your Name | C9: Matt Redman | D9: 3798438 | F9: PraiseChartsTop100AllTime | G9: =IF(COUNTIF(CcliTop100Canada!$D$2:$D$163,D9)>0,"","NO")
A10: 63 | B10: Build My Life | C10: Passion / Brett Younker | D10: 7070345 | F10: PraiseChartsTop100AllTime | G10: =IF(COUNTIF(CcliTop100Canada!$D$2:$D$163,D10)>0,"","NO")
A11: 71 | B11: Build Your Kingdom Here | C11: Rend Collective | D11: 6186078 | F11: PraiseChartsTop100AllTime | G11: =IF(COUNTIF(CcliTop100Canada!$D$2:$D$163,D11)>0,"","NO")
A12: 65 | B12: Chain Breaker | C12: Zach Williams | D12: 7060031 | F12: PraiseChartsTop100AllTime | G12: =IF(COUNTIF(CcliTop100Canada!$D$2:$D$163,D12)>0,"","NO") -> NO
A13: 44 | B13: Christ Is Risen | C13: Matt Maher | D13: 5242683 | F13: PraiseChartsTop100AllTime | G13: =IF(COUNTIF(CcliTop100Canada!$D$2:$D$163,D13)>0,"","NO") -> NO
A14: 41 | B14: Come Thou Fount Come Thou King | C14: Gateway Worship | D14: 4775010 | F14: PraiseChartsTop100AllTime | G14: =IF(COUNTIF(CcliTop100Canada!$D$2:$D$163,D14)>0,"","NO") -> NO
A15: 3 | B15: Cornerstone | C15: Hillsong Worship | D15: 6158927 | F15: PraiseChartsTop100AllTime | G15: =IF(COUNTIF(CcliTop100Canada!$D$2:$D$163,D15)>0,"","NO")
A16: 54 | B16: Crown Him (Majesty) | C16: Chris Tomlin | D16: 6463818 | F16: PraiseChartsTop100AllTime | G16: =IF(COUNTIF(CcliTop100Canada!$D$2:$D$163,D16)>0,"","NO") -> NO
... A32: 56 | B32: Happy Day | C32: Tim Hughes | D32: 4847027 | F32: PraiseChartsTop100AllTime | G32: =IF(COUNTIF(CcliTop100Canada!$D$2:$D$163,D32)>0,"","NO") -> NO
A33: 59 | B33: Hark The Herald (with King Of Heaven) | C33: Paul Baloche | D33: #N/A | F33: PraiseChartsTop100AllTime | G33: =IF(COUNTIF(CcliTop100Canada!$D$2:$D$163,D33)>0,"","NO") -> NO | H33: xmas
A34: 70 | B34: He Shall Reign Forevermore | C34: Chris Tomlin | D34: 7050416 | F34: PraiseChartsTop100AllTime | G34: =IF(COUNTIF(CcliTop100Canada!$D$2:$D$163,D34)>0,"","NO") -> NO
A35: 86 | B35: Holy Is The Lord | C35: Chris Tomlin / Passion | D35: 4158039 | F35: PraiseChartsTop100AllTime | G35: =IF(COUNTIF(CcliTop100Canada!$D$2:$D$163,D35)>0,"","NO") -> NO
A36: 87 | B36: Holy Spirit | C36: Francesca Battistelli | D36: 6087919 | F36: PraiseChartsTop100AllTime | G36: =IF(COUNTIF(CcliTop100Canada!$D$2:$D$163,D36)>0,"","NO")
A37: 39 | B37: Hosanna | C37: Hillsong UNITED | D37: 21545 | F37: PraiseChartsTop100AllTime | G37: =IF(COUNTIF(CcliTop100Canada!$D$2:$D$163,D37)>0,"","NO") -> NO
A38: 31 | B38: Hosanna (Praise Is Rising) | C38: Paul Baloche | D38: 4662491 | F38: PraiseChartsTop100AllTime | G38: =IF(COUNTIF(CcliTop100Canada!$D$2:$D$163,D38)>0,"","NO")
A39: 92 | B39: How Deep The Father's Love For Us | C39: Stuart Townend | D39: 1558110 | F39: PraiseChartsTop100AllTime | G39: =IF(COUNTIF(CcliTop100Canada!$D$2:$D$163,D39)>0,"","NO")
A40: 8 | B40: How Great Is Our God | C40: Chris Tomlin | D40: 4348399 | F40: PraiseChartsTop100AllTime | G40: =IF(COUNTIF(CcliTop100Canada!$D$2:$D$163,D40)>0,"","NO")
A41: 43 | B41: How Great Thou Art | C41: Paul Baloche | D41: 14181 | F41: PraiseChartsTop100AllTime | G41: =IF(COUNTIF(CcliTop100Canada!$D$2:$D$163,D41)>0,"","NO")
A42: 64 | B42: How Marvelous (I Stand Amazed) | C42: Chris Tomlin / Passion | D42: 4674207 | F42: PraiseChartsTop100AllTime | G42: =IF(COUNTIF(CcliTop100Canada!$D$2:$D$163,D42)>0,"","NO")
A43: 97 | B43: I Can Only Imagine | C43: MercyMe | D43: 2978857 | F43: PraiseChartsTop100AllTime | G43: =IF(COUNTIF(CcliTop100Canada!$D$2:$D$163,D43)>0,"","NO") -> NO
A44: 48 | B44: I Heard The Bells On Christmas Day | C44: Casting Crowns | D44: 5466490 | F44: PraiseChartsTop100AllTime | G44: =IF(COUNTIF(CcliTop100Canada!$D$2:$D$163,D44)>0,"","NO") -> NO | H44: xmas
A45: 78 | B45: I Will Follow | C45: Chris Tomlin | D45: 5806878 | F45: PraiseChartsTop100AllTime | G45: =IF(COUNTIF(CcliTop100Canada!$D$2:$D$163,D45)>0,"","NO") -> NO
A46: 20 | B46: I Will Rise | C46: Chris Tomlin | D46: 5183450 | F46: PraiseChartsTop100AllTime | G46: =IF(COUNTIF(CcliTop100Canada!$D$2:$D$163,D46)>0,"","NO") -> NO
A47: 15 | B47: In Christ Alone | C47: Travis Cottrell | D47: 3350395 | F47: PraiseChartsTop100AllTime | G47: =IF(COUNTIF(CcliTop100Canada!$D$2:$D$163,D47)>0,"","NO") | H47: dup
A48: 38 | B48: In Christ Alone | C48: Kristian Stanfill / Passion | D48: 3350395 | F48: PraiseChartsTop100AllTime | G48: =IF(COUNTIF(CcliTop100Canada!$D$2:$D$163,D48)>0,"","NO")
A49: 75 | B49: Indescribable | C49: Chris Tomlin / Passion | D49: 4403076 | F49: PraiseChartsTop100AllTime | G49: =IF(COUNTIF(CcliTop100Canada!$D$2:$D$163,D49)>0,"","NO") -> NO
A50: 42 | B50: It Is Well (Grander Earth) | C50: Kristene DiMarco / Bethel Music | D50: 7021972 | F50: PraiseChartsTop100AllTime | G50: =IF(COUNTIF(CcliTop100Canada!$D$2:$D$163,D50)>0,"","NO")
A51: 68 | B51: It's Christmas | C51: Chris Tomlin | D51: #N/A | F51: PraiseChartsTop100AllTime | G51: =IF(COUNTIF(CcliTop100Canada!$D$2:$D$163,D51)>0,"","NO") -> NO | H51: xmas
A52: 89 | B52: Jesus | C52: Chris Tomlin | D52: 7067249 | F52: PraiseChartsTop100AllTime | G52: =IF(COUNTIF(CcliTop100Canada!$D$2:$D$163,D52)>0,"","NO") -> NO
A53: 10 | B53: Jesus Messiah | C53: Chris Tomlin | D53: 5183443 | F53: PraiseChartsTop100AllTime | G53: =IF(COUNTIF(CcliTop100Canada!$D$2:$D$163,D53)>0,"","NO")
A54: 14 | B54: Jesus Paid It All | C54: Kristian Stanfill / Passion | D54: 22331 | F54: PraiseChartsTop100AllTime | G54: =IF(COUNTIF(CcliTop100Canada!$D$2:$D$163,D54)>0,"","NO") -> NO
A55: 6 | B55: Joy To The World (Unspeakable Joy) | C55: Chris Tomlin | D55: #N/A | F55: PraiseChartsTop100AllTime | G55: =IF(COUNTIF(CcliTop100Canada!$D$2:$D$163,D55)>0,"","NO") -> NO | H55: xmas
A56: 30 | B56: King Of Kings | C56: Hillsong Worship | D56: 7127647 | F56: PraiseChartsTop100AllTime | G56: =IF(COUNTIF(CcliTop100Canada!$D$2:$D$163,D56)>0,"","NO")
A57: 58 | B57: Lead Me To The Cross (Quiet I Come) | C57: Hillsong UNITED | D57: 4785828 | F57: PraiseChartsTop100AllTime | G57: =IF(COUNTIF(CcliTop100Canada!$D$2:$D$163,D57)>0,"","NO") -> NO
A58: 82 | B58: Light Of The World | C58: Lauren Daigle | D58: 7023299 | F58: PraiseChartsTop100AllTime | G58: =IF(COUNTIF(CcliTop100Canada!$D$2:$D$163,D58)>0,"","NO") -> NO
A59: 32 | B59: Lion And The Lamb | C59: Bethel Music / Leeland | D59: 7038281 | F59: PraiseChartsTop100AllTime | G59: =IF(COUNTIF(CcliTop100Canada!$D$2:$D$163,D59)>0,"","NO")
A60: 16 | B60: Living Hope | C60: Phil Wickham | D60: 7106807 | F60: PraiseChartsTop100AllTime | G60: =IF(COUNTIF(CcliTop100Canada!$D$2:$D$163,D60)>0,"","NO")
A61: 13 | B61: Lord I Need You | C61: Matt Maher | D61: 5925687 | F61: PraiseChartsTop100AllTime | G61: =IF(COUNTIF(CcliTop100Canada!$D$2:$D$163,D61)>0,"","NO")
A62: 93 | B62: Love The Lord | C62: Lincoln Brewster | D62: 4572938 | F62: PraiseChartsTop100AllTime | G62: =IF(COUNTIF(CcliTop100Canada!$D$2:$D$163,D62)>0,"","NO") -> NO
A63: 61 | B63: Man Of Sorrows | C63: Hillsong Worship | D63: 6476063 | F63: PraiseChartsTop100AllTime | G63: =IF(COUNTIF(CcliTop100Canada!$D$2:$D$163,D63)>0,"","NO")
A64: 4 | B64: Mighty To Save | C64: Hillsong Worship | D64: 4591782 | F64: PraiseChartsTop100AllTime | G64: =IF(COUNTIF(CcliTop100Canada!$D$2:$D$163,D64)>0,"","NO")
A65: 88 | B65: New Doxology | C65: Gateway Worship | D65: 5075025 | F65: PraiseChartsTop100AllTime | G65: =IF(COUNTIF(CcliTop100Canada!$D$2:$D$163,D65)>0,"","NO") -> NO
A66: 55 | B66: No Longer Slaves | C66: Bethel Music | D66: 7030123 | F66: PraiseChartsTop100AllTime | G66: =IF(COUNTIF(CcliTop100Canada!$D$2:$D$163,D66)>0,"","NO")
A67: 18 | B67: Noel | C67: Lauren Daigle | D67: #N/A | F67: PraiseChartsTop100AllTime | G67: =IF(COUNTIF(CcliTop100Canada!$D$2:$D$163,D67)>0,"","NO") -> NO | H67: xmas
A68: 50 | B68: O Come All Ye Faithful | C68: Chris Tomlin | D68: #N/A | F68: PraiseChartsTop100AllTime | G68: =IF(COUNTIF(CcliTop100Canada!$D$2:$D$163,D68)>0,"","NO") -> NO | H68: xmas
A69: 12 | B69: O Come To The Altar | C69: Elevation Worship | D69: 7051511 | F69: PraiseChartsTop100AllTime | G69: =IF(COUNTIF(CcliTop100Canada!$D$2:$D$163,D69)>0,"","NO")
A70: 66 | B70: O Holy Night | C70: Chris Tomlin | D70: #N/A | F70: PraiseChartsTop100AllTime | G70: =IF(COUNTIF(CcliTop100Canada!$D$2:$D$163,D70)>0,"","NO") -> NO | H70: xmas
A71: 35 | B71: O Praise The Name | C71: Hillsong Worship | D71: 7037787 | F71: PraiseChartsTop100AllTime | G71: =IF(COUNTIF(CcliTop100Canada!$D$2:$D$163,D71)>0,"","NO")
A72: 57 | B72: O The Blood | C72: Gateway Worship | D72: 5783630 | F72: PraiseChartsTop100AllTime | G72: =IF(COUNTIF(CcliTop100Canada!$D$2:$D$163,D72)>0,"","NO") -> NO
A73: 19 | B73: Oceans (Where Feet May Fail) | C73: Hillsong UNITED / Taya Smith | D73: 6428767 | F73: PraiseChartsTop100AllTime | G73: =IF(COUNTIF(CcliTop100Canada!$D$2:$D$163,D73)>0,"","NO")
A74: 74 | B74: Only King Forever | C74: Elevation Worship | D74: 7011438 | F74: PraiseChartsTop100AllTime | G74: =IF(COUNTIF(CcliTop100Canada!$D$2:$D$163,D74)>0,"","NO") -> NO
A75: 79 | B75: Open Up The Heavens | C75: Vertical Worship | D75: 6304702 | F75: PraiseChartsTop100AllTime | G75: =IF(COUNTIF(CcliTop100Canada!$D$2:$D$163,D75)>0,"","NO")
A76: 69 | B76: Our God (Water You Turned Into Wine) | C76: Chris Tomlin | D76: 5677416 | F76: PraiseChartsTop100AllTime | G76: =IF(COUNTIF(CcliTop100Canada!$D$2:$D$163,D76)>0,"","NO") | H76: dup
A77: 11 | B77: Our God (Water You Turned Into Wine) | C77: Chris Tomlin / Passion | D77: 5677416 | F77: PraiseChartsTop100AllTime | G77: =IF(COUNTIF(CcliTop100Canada!$D$2:$D$163,D77)>0,"","NO")
A78: 99 | B78: Our God Saves | C78: Paul Baloche | D78: 4972837 | F78: PraiseChartsTop100AllTime | G78: =IF(COUNTIF(CcliTop100Canada!$D$2:$D$163,D78)>0,"","NO") -> NO
A79: 52 | B79: Raise A Hallelujah | C79: Bethel Music / Melissa Helser / Jonathan David Helser | D79: 7119315 | F79: PraiseChartsTop100AllTime | G79: =IF(COUNTIF(CcliTop100Canada!$D$2:$D$163,D79)>0,"","NO")
A80: 34 | B80: Reckless Love | C80: Bethel Music / Cory Asbury | D80: 7089641 | F80: PraiseChartsTop100AllTime | G80: =IF(COUNTIF(CcliTop100Canada!$D$2:$D$163,D80)>0,"","NO")
A81: 47 | B81: Resurrecting | C81: Elevation Worship | D81: 7051507 | F81: PraiseChartsTop100AllTime | G81: =IF(COUNTIF(CcliTop100Canada!$D$2:$D$163,D81)>0,"","NO")
A82: 21 | B82: Revelation Song | C82: Gateway Worship | D82: 4447960 | F82: PraiseChartsTop100AllTime | G82: =IF(COUNTIF(CcliTop100Canada!$D$2:$D$163,D82)>0,"","NO")
A83: 77 | B83: Shout To The Lord | C83: Hillsong Worship | D83: 1406918 | F83: PraiseChartsTop100AllTime | G83: =IF(COUNTIF(CcliTop100Canada!$D$2:$D$163,D83)>0,"","NO")
A84: 94 | B84: Stronger | C84: Hillsong Worship | D84: 5060810 | F84: PraiseChartsTop100AllTime | G84: =IF(COUNTIF(CcliTop100Canada!$D$2:$D$163,D84)>0,"","NO") -> NO
A85: 49 | B85: The Stand | C85: Hillsong UNITED | D85: 4705248 | F85: PraiseChartsTop100AllTime | G85: =IF(COUNTIF(CcliTop100Canada!$D$2:$D$163,D85)>0,"","NO")
A86: 95 | B86: The Wonderful Cross | C86: Chris Tomlin | D86: 3148435 | F86: PraiseChartsTop100AllTime | G86: =IF(COUNTIF(CcliTop100Canada!$D$2:$D$163,D86)>0,"","NO") -> NO
A87: 24 | B87: This I Believe (The Creed) | C87: Hillsong Worship | D87: 7018338 | F87: PraiseChartsTop100AllTime | G87: =IF(COUNTIF(CcliTop100Canada!$D$2:$D$163,D87)>0,"","NO")
A88: 5 | B88: This Is Amazing Grace | C88: Phil Wickham | D88: 6333821 | F88: PraiseChartsTop100AllTime | G88: =IF(COUNTIF(CcliTop100Canada!$D$2:$D$163,D88)>0,"","NO")
... A100: 90 | B100: Your Name | C100: Paul Baloche | D100: 4611679 | F100: PraiseChartsTop100AllTime | G100: =IF(COUNTIF(CcliTop100Canada!$D$2:$D$163,D100)>0,"","NO")

Sheet MultiTracksTop120
A1: Index | B1: Title | C1: Author | D1: CCLI # | E1: Publication Year | F1: Source
A2: 1 | B2: Battle Belongs | C2: Phil Wickham | F2: MultiTracksTop120
A3: 2 | B3: Graves Into Gardens | C3: Elevation Worship | F3: MultiTracksTop120
A4: 3 | B4: Champion | C4: Bethel Music | F4: MultiTracksTop120
A5: 4 | B5: The Blessing | C5: Elevation Worship | F5: MultiTracksTop120
A6: 5 | B6: See a Victory | C6: Elevation Worship | F6: MultiTracksTop120
A7: 6 | B7: Promises | C7: Maverick City Music | F7: MultiTracksTop120
A8: 7 | B8: Goodness of God | C8: Bethel Music | F8: MultiTracksTop120
A9: 8 | B9: God So Loved | C9: We the Kingdom | F9: MultiTracksTop120
A10: 9 | B10: My Testimony | C10: Elevation Worship | F10: MultiTracksTop120
A11: 10 | B11: Never Lost | C11: Elevation Worship | F11: MultiTracksTop120
A12: 11 | B12: We Praise You | C12: Bethel Music | F12: MultiTracksTop120
A13: 12 | B13: There's Nothing That Our God Can't Do (Live) | C13: Passion | F13: MultiTracksTop120
... A121: 120 | B121: Awake My Soul (Live) | C121: Hillsong Worship | F121: MultiTracksTop120

Sheet MultiTracksTop120Global
A1: Index | B1: Title | C1: Author | D1: CCLI # | E1: Publication Year | F1: Source
A2: 1 | B2: Battle Belongs | C2: Phil Wickham | F2: MultiTracksTop120Global
A3: 2 | B3: Graves Into Gardens | C3: Elevation Worship | F3: MultiTracksTop120Global
A4: 3 | B4: Champion | C4: Bethel Music | F4: MultiTracksTop120Global
A5: 4 | B5: The Blessing | C5: Elevation Worship | F5: MultiTracksTop120Global
A6: 5 | B6: See a Victory | C6: Elevation Worship | F6: MultiTracksTop120Global
A7: 6 | B7: Promises | C7: Maverick City Music | F7: MultiTracksTop120Global
A8: 7 | B8: Goodness of God | C8: Bethel Music | F8: MultiTracksTop120Global
A9: 8 | B9: God So Loved | C9: We the Kingdom | F9: MultiTracksTop120Global
A10: 9 | B10: My Testimony | C10: Elevation Worship | F10: MultiTracksTop120Global
A11: 10 | B11: Never Lost | C11: Elevation Worship | F11: MultiTracksTop120Global
A12: 11 | B12: We Praise You | C12: Bethel Music | F12: MultiTracksTop120Global
A13: 12 | B13: Way Maker | C13: Leeland | F13: MultiTracksTop120Global
... A121: 120 | B121: Defender | C121: Jesus Culture | F121: MultiTracksTop120Global

Sheet Top100HymnsBBC
A1: Title | B1: CCLI# | I1: https://www.bbc.co.uk/programmes/articles/42TSJ0LNMfp0h0wNvxqlw93/2013-the-uks-top-100-hymns
A2: How Great Thou Art
A3: In Christ Alone
A4: Be Still, For The Presence Of The Lord
A5: Dear Lord And Father Of Mankind
A6: Here I Am, Lord (I, The Lord Of Sea And Sky)
A7: And Can It Be
A8: Abide With Me
A9: Guide Me, O Thou Great Redeemer/Jehova
A10: Make Me A Channel Of Your Peace
A11: The Day Thou Gavest, Lord, Is Ended
A12: Jerusalem
A13: Great Is Thy Faithfulness
... A101: God Is Love, Let Heaven Adore Him

Sheet Top100HymnsPopularHymns
A1: Title | B1: CCLI# | I1: https://popularhymns.com/top100
A2: A Mighty Fortress Is Our God
A3: Abide With Me
A4: Alas And Did My Savior Bleed?
A5: All Creatures of our God and King
A6: All Hail The Power of Jesus' Name
A7: All The Way My Savior Leads Me
A8: Amazing Grace
A9: Are You Washed in the Blood?
A10: At Calvary
A11: Battle Hymn of the Republic
A12: Be Thou My Vision
A13: Before The Throne of God Above
... A101: Yesterday, Today, Forever

Sheet Top100HymnsJWPepper
A1: Title | B1: CCLI# | I1: https://www.jwpepper.com/Top-100-Hymns-Guitar-Songbook/10089160.item#/submit
A2: A Mighty Fortress Is Our God
A3: Abide With Me
A4: All Creatures Of Our God And King
A5: All Hail The Power Of Jesus Name
A6: Amazing Grace
A7: And Can It Be
A8: Are You Washed In The Blood
A9: At The Cross
A10: Be Thou My Vision
A11: Because He Lives
A12: Bless The Lord O My Soul
A13: Blessed Assurance
... A101: When We All Get To Heaven

Sheet Top100HymnsLifewayWorship
A1: Title | B1: CCLI# | I1: https://genius.com/albums/Lifeway-worship/Top-100-hymns
A2: Holy, Holy, Holy
A3: Crown Him with Many Crowns
A4: All Creatures of Our God and King
A5: It Is Well with My Soul
A6: Great Is Thy Faithfulness
A7: To God Be the Glory
A8: Be Thou My Vision
A9: Amazing Grace! How Sweet the Sound
A10: How Great Thou Art
A11: Come, Thou Fount of Every Blessing
A12: Blessed Assurance, Jesus Is Mine
A13: In Christ Alone (My Hope Is Found)
... A101: The Communion Hymn (Behold the Lamb)
