Workbook

Sheet Statistics
A1: Category | B1: Count | D1: Volume | E1: Category | F1: Count
A2: TWI Total | B2: 232 | D2: Volume 1 | E2: Vol. 1-12 | F2: 124
A3: ALL CCWS | B3: 186 | E3: Hymns | F3: 20
A4: ALL Other | B4: 163 | E4: Psalms | F4: 12
F5: =SUM(F2:F4) -> 156
A6: Category | B6: Count
A7: Vol. 1-12 | B7: 124 | D7: Volume 2 | E7: Vol. 13-23 | F7: 98
A8: Vol. 13-23 | B8: 98 | E8: TWI Special | F8: 10
A9: TWI Special | B9: 10 | E9: WI Lite | F9: 10
A10: WI Lite | B10: 10 | E10: WI Singles | F10: 1
A11: WI Singles | B11: 1 | E11: Christmas | F11: 20
A12: Hymns | B12: 20 | E12: From CCWS Xmas | F12: 6
A13: Christmas | B13: 20 | F13: =SUM(F7:F12) -> 145
A14: Psalms | B14: 12
A15: From CCWS | B15: 94 | D15: Extra | E15: From CCWS | F15: 94
A16: From CCWS Xmas | B16: 6 | E16: Other | F16: 69
A17: Other | B17: 69 | F17: =SUM(F15:F16) -> 163
B18: =SUM(B7:B17) -> 464

Sheet Albums
A1: # | B1: Year | C1: Title | D1: Tracks | E1: In List? | F1: Year | G1: Notes
A2: 1 | B2: 2014 | C2: The Worship Initiative, Vol. 01 | D2: 10 | E2: =IF(COUNTIF(Songs!$C:$C,C2),"","NO") | F2: 41765
A3: 1 | B3: 2014 | C3: The Worship Initiative, Vol. 02 | D3: 10 | E3: =IF(COUNTIF(Songs!$C:$C,C3),"","NO") | F3: 41786
A4: 1 | B4: 2014 | C4: The Worship Initiative, Vol. 03 | D4: 10 | E4: =IF(COUNTIF(Songs!$C:$C,C4),"","NO") | F4: 41807
A5: 1 | B5: 2014 | C5: The Worship Initiative, Vol. 04 | D5: 10 | E5: =IF(COUNTIF(Songs!$C:$C,C5),"","NO") | F5: 41828
A6: 1 | B6: 2014 | C6: The Worship Initiative, Vol. 05 | D6: 10 | E6: =IF(COUNTIF(Songs!$C:$C,C6),"","NO") | F6: 41849
A7: 1 | B7: 2014 | C7: The Worship Initiative, Vol. 06 | D7: 10 | E7: =IF(COUNTIF(Songs!$C:$C,C7),"","NO") | F7: 41872
A8: 1 | B8: 2014 | C8: The Worship Initiative, Vol. 07 | D8: 10 | E8: =IF(COUNTIF(Songs!$C:$C,C8),"","NO") | F8: 41891
A9: 1 | B9: 2014 | C9: The Worship Initiative, Vol. 08 | D9: 10 | E9: =IF(COUNTIF(Songs!$C:$C,C9),"","NO") | F9: 41912
A10: 1 | B10: 2014 | C10: The Worship Initiative, Vol. 09 | D10: 10 | E10: =IF(COUNTIF(Songs!$C:$C,C10),"","NO") | F10: 41933
A11: 1 | B11: 2014 | C11: The Worship Initiative, Vol. 10 | D11: 10 | E11: =IF(COUNTIF(Songs!$C:$C,C11),"","NO") | F11: 41961
A12: 1 | B12: 2015 | C12: The Worship Initiative | D12: 10 | E12: =IF(COUNTIF(Songs!$C:$C,C12),"","NO") | F12: 42122 | G12: Kickstarter Project
A13: 1 | B13: 2016 | C13: The Worship Initiative, Vol. 11 | D13: 11 | E13: =IF(COUNTIF(Songs!$C:$C,C13),"","NO") | F13: 42643
A14: 1 | B14: 2017 | C14: The Worship Initiative, Vol. 12 | D14: 13 | E14: =IF(COUNTIF(Songs!$C:$C,C14),"","NO") | F14: 42839
A15: 1 | B15: 2017 | C15: The Worship Initiative, Vol. 13 | D15: 5 | E15: =IF(COUNTIF(Songs!$C:$C,C15),"","NO") | F15: 43000
A16: 1 | B16: 2017 | C16: The Worship Initiative, Vol. 14 | D16: 5 | E16: =IF(COUNTIF(Songs!$C:$C,C16),"","NO") | F16: 43039
A17: 1 | B17: 2018 | C17: The Worship Initiative, Vol. 15 | D17: 5 | E17: =IF(COUNTIF(Songs!$C:$C,C17),"","NO") | F17: 43145
A18: 1 | B18: 2018 | C18: The Worship Initiative, Vol. 16 | D18: 10 | E18: =IF(COUNTIF(Songs!$C:$C,C18),"","NO") | F18: 43297
A19: 1 | B19: 2019 | C19: The Worship Initiative, Vol. 17 | D19: 12 | E19: =IF(COUNTIF(Songs!$C:$C,C19),"","NO") | F19: 43630
A20: 1 | B20: 2020 | C20: The Worship Initiative, Vol. 18 | D20: 10 | E20: =IF(COUNTIF(Songs!$C:$C,C20),"","NO") | F20: 43847
A21: 1 | B21: 2020 | C21: The Worship Initiative, Vol. 19 | D21: 10 | E21: =IF(COUNTIF(Songs!$C:$C,C21),"","NO") | F21: 43889
A22: 1 | B22: 2020 | C22: The Worship Initiative, Vol. 20 | D22: 10 | E22: =IF(COUNTIF(Songs!$C:$C,C22),"","NO") | F22: 43924
A23: 1 | B23: 2020 | C23: The Worship Initiative, Vol. 21 | D23: 10 | E23: =IF(COUNTIF(Songs!$C:$C,C23),"","NO") | F23: 44001
A24: 1 | B24: 2020 | C24: The Worship Initiative, Vol. 22 | D24: 11 | E24: =IF(COUNTIF(Songs!$C:$C,C24),"","NO") | F24: 44099
A25: 1 | B25: 2021 | C25: The Worship Initiative, Vol. 23 | D25: 10 | E25: =IF(COUNTIF(Songs!$C:$C,C25),"","NO") | F25: 44204 | G25: Prerelease
A26: 2 | B26: 2018 | C26: Hymns, Vol. 1 | D26: 10 | E26: =IF(COUNTIF(Songs!$C:$C,C26),"","NO") | F26: 43350
A27: 2 | B27: 2018 | C27: Hymns, Vol. 2 | D27: 10 | E27: =IF(COUNTIF(Songs!$C:$C,C27),"","NO") | F27: 43700
A28: 3 | B28: 2017 | C28: A Worship Initiative Christmas, Vol. 1 | D28: 10 | E28: =IF(COUNTIF(Songs!$C:$C,C28),"","NO") | F28: 42839
A29: 3 | B29: 2017 | C29: A Worship Initiative Christmas, Vol. 2 | D29: 10 | E29: =IF(COUNTIF(Songs!$C:$C,C29),"","NO") | F29: 42839
A30: 4 | B30: 2015 | C30: Psalms, Vol. 2 | D30: 12 | E30: =IF(COUNTIF(Songs!$C:$C,C30),"","NO") | F30: 42300
A31: 5 | C31: WI Lite | D31: 10 | E31: =IF(COUNTIF(Songs!$C:$C,C31),"","NO") | G31: Played live but not included on any album
A32: 5 | C32: WI Singles | D32: 1
A33: 6 | C33: CCWS
A34: 7 | C34: CCWS Christmas
A35: 8 | C35: Other
D36: =SUM(D2:D32) -> 295

Sheet Songs
A1: # | B1: Year | C1: Album | D1: Track | E1: Title | F1: Alt Title | G1: Author | H1: Key | I1: Original Key | J1: Tempo (BPM) | K1: Time Signature | L1: CCLI# | M1: Publication Year | N1: Copyright Holder | O1: Category | P1: S&S Author | Q1: S&S Tempo | R1: S&S Key | S1: S&S Adj Key | T1: Files Done | U1: Info Done | V1: CCWS? | W1: S&S? | X1: CCLI100? | Y1: Hillsong? | Z1: Source | AA1: S&S Original | AB1: Other ID | AC1: Notes | AD1: All Keys | AE1: Other CCLI# | AF1: Exclude
A2: =INDEX(Albums!$A:$A, MATCH(C2,Albums!$C:$C,0)) -> 1 | B2: =INDEX(Albums!$B:$B, MATCH(C2,Albums!$C:$C,0)) -> 2014 | C2: The Worship Initiative, Vol. 01 | D2: 1 | E2: Oceans | G2: Joel Houston, Matt Crocker | H2: D | I2: D | J2: 60 | K2: 4/4 | L2: 6428767 | M2: 2012 | N2: Hillsong Music Publishing Australia | O2: Main | P2: Hillsong | Q2: 130 | R2: G | S2: G | T2: Done | U2: Done | V2: =IF(AND(ISNUMBER(L2),COUNTIF([1]Songs!$L:$L,L2)>0),"YES","") -> YES | W2: =IF(AND(ISNUMBER(L2),COUNTIF([2]Songs!$J:$J,L2)>0),"YES","") -> #VALUE! | X2: =IF(AND(ISNUMBER(L2),COUNTIF([3]CcliCombined!$D:$D,L2)>0),"YES","") -> #VALUE! | Y2: =IF(AND(ISNUMBER(L2),COUNTIF([4]Songs!$H:$H,L2)>0),"YES","") -> #VALUE! | Z2: S&S | AB2: 1 | AD2: =I2 &IF(H2=I2,""," "&H2) &IF(OR(R2=I2,R2=H2),""," "&R2) &IF(R2=S2,""," "&S2) -> D G
A3: =INDEX(Albums!$A:$A, MATCH(C3,Albums!$C:$C,0)) -> 1 | B3: =INDEX(Albums!$B:$B, MATCH(C3,Albums!$C:$C,0)) -> 2014 | C3: The Worship Initiative, Vol. 01 | D3: 2 | E3: This Is Amazing Grace | G3: Jeremy Riddle, Josh Farro | H3: G | I3: Bb | J3: 100 | K3: 4/4 | L3: 6333821 | M3: 2012 | N3: Phil Wickham Music | O3: Main | P3: Phil Wickham | Q3: 99 | R3: Bb | S3: A | T3: Done | U3: Done | V3: =IF(AND(ISNUMBER(L3),COUNTIF([1]Songs!$L:$L,L3)>0),"YES","") -> YES | W3: =IF(AND(ISNUMBER(L3),COUNTIF([2]Songs!$J:$J,L3)>0),"YES","") -> #VALUE! | X3: =IF(AND(ISNUMBER(L3),COUNTIF([3]CcliCombined!$D:$D,L3)>0),"YES","") -> #VALUE! | Y3: =IF(AND(ISNUMBER(L3),COUNTIF([4]Songs!$H:$H,L3)>0),"YES","") -> #VALUE! | Z3: S&S | AB3: 2 | AD3: =I3 &IF(H3=I3,""," "&H3) &IF(OR(R3=I3,R3=H3),""," "&R3) &IF(R3=S3,""," "&S3) -> Bb G A
A4: =INDEX(Albums!$A:$A, MATCH(C4,Albums!$C:$C,0)) -> 1 | B4: =INDEX(Albums!$B:$B, MATCH(C4,Albums!$C:$C,0)) -> 2014 | C4: The Worship Initiative, Vol. 01 | D4: 3 | E4: All the Poor and Powerless | G4: David Leonard, Leslie Jordan | H4: A | I4: A | J4: 76 | K4: 4/4 | L4: 5881130 | M4: 2011 | N4: Integrity's Alleluia! Music | O4: Main | P4: All Sons & Daughters | Q4: 72 | R4: B | S4: B | T4: Done | U4: Done | V4: =IF(AND(ISNUMBER(L4),COUNTIF([1]Songs!$L:$L,L4)>0),"YES","") -> YES | W4: =IF(AND(ISNUMBER(L4),COUNTIF([2]Songs!$J:$J,L4)>0),"YES","") -> #VALUE! | X4: =IF(AND(ISNUMBER(L4),COUNTIF([3]CcliCombined!$D:$D,L4)>0),"YES","") -> #VALUE! | Y4: =IF(AND(ISNUMBER(L4),COUNTIF([4]Songs!$H:$H,L4)>0),"YES","") -> #VALUE! | Z4: S&S | AB4: 3 | AD4: =I4 &IF(H4=I4,""," "&H4) &IF(OR(R4=I4,R4=H4),""," "&R4) &IF(R4=S4,""," "&S4) -> A B
A5: =INDEX(Albums!$A:$A, MATCH(C5,Albums!$C:$C,0)) -> 1 | B5: =INDEX(Albums!$B:$B, MATCH(C5,Albums!$C:$C,0)) -> 2014 | C5: The Worship Initiative, Vol. 01 | D5: 4 | E5: Lord I Need You | G5: Christy Nockels, Daniel Carson | H5: B | I5: B | J5: 74 | K5: 4/4 | L5: 5925687 | M5: 2011 | N5: sixsteps Music | O5: Main | P5: Matt Maher | Q5: 72 | R5: B | S5: B | T5: Done | U5: Done | V5: =IF(AND(ISNUMBER(L5),COUNTIF([1]Songs!$L:$L,L5)>0),"YES","") -> YES | W5: =IF(AND(ISNUMBER(L5),COUNTIF([2]Songs!$J:$J,L5)>0),"YES","") -> #VALUE! | X5: =IF(AND(ISNUMBER(L5),COUNTIF([3]CcliCombined!$D:$D,L5)>0),"YES","") -> #VALUE! | Y5: =IF(AND(ISNUMBER(L5),COUNTIF([4]Songs!$H:$H,L5)>0),"YES","") -> #VALUE! | Z5: S&S | AB5: 4 | AD5: =I5 &IF(H5=I5,""," "&H5) &IF(OR(R5=I5,R5=H5),""," "&R5) &IF(R5=S5,""," "&S5) -> B
A6: =INDEX(Albums!$A:$A, MATCH(C6,Albums!$C:$C,0)) -> 1 | B6: =INDEX(Albums!$B:$B, MATCH(C6,Albums!$C:$C,0)) -> 2014 | C6: The Worship Initiative, Vol. 01 | D6: 5 | E6: In Christ Alone | F6: Passion | G6: Keith Getty, Stuart Townend | H6: D | I6: D | J6: 60 | K6: 3/4 | L6: 3350395 | M6: 2001 | N6: Thankyou Music | O6: Main | P6: Passion | Q6: 64 | R6: E | S6: E | T6: Done | U6: Done | V6: =IF(AND(ISNUMBER(L6),COUNTIF([1]Songs!$L:$L,L6)>0),"YES","") -> YES | W6: =IF(AND(ISNUMBER(L6),COUNTIF([2]Songs!$J:$J,L6)>0),"YES","") -> #VALUE! | X6: =IF(AND(ISNUMBER(L6),COUNTIF([3]CcliCombined!$D:$D,L6)>0),"YES","") -> #VALUE! | Y6: =IF(AND(ISNUMBER(L6),COUNTIF([4]Songs!$H:$H,L6)>0),"YES","") -> #VALUE! | Z6: S&S | AB6: 5 | AD6: =I6 &IF(H6=I6,""," "&H6) &IF(OR(R6=I6,R6=H6),""," "&R6) &IF(R6=S6,""," "&S6) -> D E
A7: =INDEX(Albums!$A:$A, MATCH(C7,Albums!$C:$C,0)) -> 1 | B7: =INDEX(Albums!$B:$B, MATCH(C7,Albums!$C:$C,0)) -> 2014 | C7: The Worship Initiative, Vol. 01 | D7: 6 | E7: Beautiful Things | G7: Lisa Gungor, Michael Gungor | H7: D | I7: D | J7: 82 | K7: 4/4 | L7: 5665521 | M7: 2009 | N7: worshiptogether.com | O7: Main | P7: Gungor | Q7: 78 | R7: D | S7: D | T7: Done | U7: Done | V7: =IF(AND(ISNUMBER(L7),COUNTIF([1]Songs!$L:$L,L7)>0),"YES","") | W7: =IF(AND(ISNUMBER(L7),COUNTIF([2]Songs!$J:$J,L7)>0),"YES","") -> #VALUE! | X7: =IF(AND(ISNUMBER(L7),COUNTIF([3]CcliCombined!$D:$D,L7)>0),"YES","") -> #VALUE! | Y7: =IF(AND(ISNUMBER(L7),COUNTIF([4]Songs!$H:$H,L7)>0),"YES","") -> #VALUE! | Z7: S&S | AB7: 6 | AD7: =I7 &IF(H7=I7,""," "&H7) &IF(OR(R7=I7,R7=H7),""," "&R7) &IF(R7=S7,""," "&S7) -> D
A8: =INDEX(Albums!$A:$A, MATCH(C8,Albums!$C:$C,0)) -> 1 | B8: =INDEX(Albums!$B:$B, MATCH(C8,Albums!$C:$C,0)) -> 2014 | C8: The Worship Initiative, Vol. 01 | D8: 7 | E8: Come Thou Fount | F8: Vol. 1 | G8: Robert Robinson, John Wyeth | H8: D | I8: D | J8: 68 | K8: 3/4 | L8: 7029505 | M8: 2013 | N8: Songs From Wellhouse | O8: Main | P8: The Worship Initiative | Q8: 68 | R8: D | S8: D | T8: Done | U8: Done | V8: =IF(AND(ISNUMBER(L8),COUNTIF([1]Songs!$L:$L,L8)>0),"YES","") | W8: =IF(AND(ISNUMBER(L8),COUNTIF([2]Songs!$J:$J,L8)>0),"YES","") -> #VALUE! | X8: =IF(AND(ISNUMBER(L8),COUNTIF([3]CcliCombined!$D:$D,L8)>0),"YES","") -> #VALUE! | Y8: =IF(AND(ISNUMBER(L8),COUNTIF([4]Songs!$H:$H,L8)>0),"YES","") -> #VALUE! | Z8: S&S | AB8: 7 | AD8: =I8 &IF(H8=I8,""," "&H8) &IF(OR(R8=I8,R8=H8),""," "&R8) &IF(R8=S8,""," "&S8) -> D
A9: =INDEX(Albums!$A:$A, MATCH(C9,Albums!$C:$C,0)) -> 1 | B9: =INDEX(Albums!$B:$B, MATCH(C9,Albums!$C:$C,0)) -> 2014 | C9: The Worship Initiative, Vol. 01 | D9: 8 | E9: 10,000 Reasons | G9: Jonas Myrin, Matt Redman | H9: G | I9: G | J9: 73 | K9: 4/4 | L9: 6016351 | M9: 2011 | N9: Atlas Mountain Songs | O9: Main | P9: Matt Redman | Q9: 70 | R9: G | S9: G | T9: Done | U9: Done | V9: =IF(AND(ISNUMBER(L9),COUNTIF([1]Songs!$L:$L,L9)>0),"YES","") -> YES | W9: =IF(AND(ISNUMBER(L9),COUNTIF([2]Songs!$J:$J,L9)>0),"YES","") -> #VALUE! | X9: =IF(AND(ISNUMBER(L9),COUNTIF([3]CcliCombined!$D:$D,L9)>0),"YES","") -> #VALUE! | Y9: =IF(AND(ISNUMBER(L9),COUNTIF([4]Songs!$H:$H,L9)>0),"YES","") -> #VALUE! | Z9: S&S | AB9: 8 | AD9: =I9 &IF(H9=I9,""," "&H9) &IF(OR(R9=I9,R9=H9),""," "&R9) &IF(R9=S9,""," "&S9) -> G
A10: =INDEX(Albums!$A:$A, MATCH(C10,Albums!$C:$C,0)) -> 1 | B10: =INDEX(Albums!$B:$B, MATCH(C10,Albums!$C:$C,0)) -> 2014 | C10: The Worship Initiative, Vol. 01 | D10: 9 | E10: Whom Shall I Fear | F10: God of Angel Armies | G10: Chris Tomlin, Ed Cash | H10: C | I10: C | J10: 75 | K10: 4/4 | L10: 6440288 | M10: 2012 | N10: Alletrop Music | O10: Main | P10: Chris Tomlin | Q10: 74 | R10: C | S10: C | T10: Done | U10: Done | V10: =IF(AND(ISNUMBER(L10),COUNTIF([1]Songs!$L:$L,L10)>0),"YES","") -> YES | W10: =IF(AND(ISNUMBER(L10),COUNTIF([2]Songs!$J:$J,L10)>0),"YES","") -> #VALUE! | X10: =IF(AND(ISNUMBER(L10),COUNTIF([3]CcliCombined!$D:$D,L10)>0),"YES","") -> #VALUE! | Y10: =IF(AND(ISNUMBER(L10),COUNTIF([4]Songs!$H:$H,L10)>0),"YES","") -> #VALUE! | Z10: S&S | AB10: 9 | AD10: =I10 &IF(H10=I10,""," "&H10) &IF(OR(R10=I10,R10=H10),""," "&R10) &IF(R10=S10,""," "&S10) -> C
A11: =INDEX(Albums!$A:$A, MATCH(C11,Albums!$C:$C,0)) -> 1 | B11: =INDEX(Albums!$B:$B, MATCH(C11,Albums!$C:$C,0)) -> 2014 | C11: The Worship Initiative, Vol. 01 | D11: 10 | E11: Happy Day | G11: Ben Cantelon, Tim Hughes | H11: C | I11: C | J11: 152 | K11: 4/4 | L11: 4847027 | M11: 2006 | N11: Thankyou Music | O11: Main | P11: Tim Hughes | Q11: 132 | R11: C | S11: C | T11: Done | U11: Done | V11: =IF(AND(ISNUMBER(L11),COUNTIF([1]Songs!$L:$L,L11)>0),"YES","") | W11: =IF(AND(ISNUMBER(L11),COUNTIF([2]Songs!$J:$J,L11)>0),"YES","") -> #VALUE! | X11: =IF(AND(ISNUMBER(L11),COUNTIF([3]CcliCombined!$D:$D,L11)>0),"YES","") -> #VALUE! | Y11: =IF(AND(ISNUMBER(L11),COUNTIF([4]Songs!$H:$H,L11)>0),"YES","") -> #VALUE! | Z11: S&S | AB11: 10 | AD11: =I11 &IF(H11=I11,""," "&H11) &IF(OR(R11=I11,R11=H11),""," "&R11) &IF(R11=S11,""," "&S11) -> C
A12: =INDEX(Albums!$A:$A, MATCH(C12,Albums!$C:$C,0)) -> 1 | B12: =INDEX(Albums!$B:$B, MATCH(C12,Albums!$C:$C,0)) -> 2014 | C12: The Worship Initiative, Vol. 02 | D12: 1 | E12: Heart Starts Beating | L12: N/A | N12: Seems Like Music | P12: Tim Neufeld | Q12: 112 | R12: A | S12: A | T12: N/A | V12: =IF(AND(ISNUMBER(L12),COUNTIF([1]Songs!$L:$L,L12)>0),"YES","") | W12: =IF(AND(ISNUMBER(L12),COUNTIF([2]Songs!$J:$J,L12)>0),"YES","") -> #VALUE! | X12: =IF(AND(ISNUMBER(L12),COUNTIF([3]CcliCombined!$D:$D,L12)>0),"YES","") -> #VALUE! | Y12: =IF(AND(ISNUMBER(L12),COUNTIF([4]Songs!$H:$H,L12)>0),"YES","") -> #VALUE! | Z12: S&S | AB12: 11 | AC12: Does Not Exist | AD12: =I12 &IF(H12=I12,""," "&H12) &IF(OR(R12=I12,R12=H12),""," "&R12) &IF(R12=S12,""," "&S12) -> A | AF12: Exclude
A13: =INDEX(Albums!$A:$A, MATCH(C13,Albums!$C:$C,0)) -> 1 | B13: =INDEX(Albums!$B:$B, MATCH(C13,Albums!$C:$C,0)) -> 2014 | C13: The Worship Initiative, Vol. 02 | D13: 2 | E13: Hosanna | F13: Praise is Rising | G13: Brenton Brown, Paul Baloche | H13: G | I13: G | J13: 114 | K13: 4/4 | L13: 4662491 | M13: 2006 | N13: Thankyou Music | O13: Main | P13: Paul Baloche | Q13: 106 | R13: A | S13: A | T13: Done | U13: Done | V13: =IF(AND(ISNUMBER(L13),COUNTIF([1]Songs!$L:$L,L13)>0),"YES","") -> YES | W13: =IF(AND(ISNUMBER(L13),COUNTIF([2]Songs!$J:$J,L13)>0),"YES","") -> #VALUE! | X13: =IF(AND(ISNUMBER(L13),COUNTIF([3]CcliCombined!$D:$D,L13)>0),"YES","") -> #VALUE! | Y13: =IF(AND(ISNUMBER(L13),COUNTIF([4]Songs!$H:$H,L13)>0),"YES","") -> #VALUE! | Z13: S&S | AB13: 12 | AD13: =I13 &IF(H13=I13,""," "&H13) &IF(OR(R13=I13,R13=H13),""," "&R13) &IF(R13=S13,""," "&S13) -> G A
A14: =INDEX(Albums!$A:$A, MATCH(C14,Albums!$C:$C,0)) -> 1 | B14: =INDEX(Albums!$B:$B, MATCH(C14,Albums!$C:$C,0)) -> 2014 | C14: The Worship Initiative, Vol. 02 | D14: 3 | E14: Forever Reign | G14: Jason Ingram, Reuben Morgan | H14: C | I14: C | J14: 83 | K14: 4/4 | L14: 5639997 | M14: 2009 | N14: Hillsong Music Publishing Australia | O14: Main | P14: Hillsong | Q14: 83 | R14: C | S14: C | T14: Done | U14: Done | V14: =IF(AND(ISNUMBER(L14),COUNTIF([1]Songs!$L:$L,L14)>0),"YES","") | W14: =IF(AND(ISNUMBER(L14),COUNTIF([2]Songs!$J:$J,L14)>0),"YES","") -> #VALUE! | X14: =IF(AND(ISNUMBER(L14),COUNTIF([3]CcliCombined!$D:$D,L14)>0),"YES","") -> #VALUE! | Y14: =IF(AND(ISNUMBER(L14),COUNTIF([4]Songs!$H:$H,L14)>0),"YES","") -> #VALUE! | Z14: S&S | AB14: 13 | AD14: =I14 &IF(H14=I14,""," "&H14) &IF(OR(R14=I14,R14=H14),""," "&R14) &IF(R14=S14,""," "&S14) -> C
A15: =INDEX(Albums!$A:$A, MATCH(C15,Albums!$C:$C,0)) -> 1 | B15: =INDEX(Albums!$B:$B, MATCH(C15,Albums!$C:$C,0)) -> 2014 | C15: The Worship Initiative, Vol. 02 | D15: 4 | E15: Mercy | G15: Matt Redman, Jonas Myrin | H15: C | I15: C | J15: 73 | K15: 4/4 | L15: 7000689 | M15: 2013 | N15: Atlas Mountain Songs | O15: Main | P15: Matt Redman | Q15: 73 | R15: C | S15: C | T15: Done | U15: Done | V15: =IF(AND(ISNUMBER(L15),COUNTIF([1]Songs!$L:$L,L15)>0),"YES","") -> YES | W15: =IF(AND(ISNUMBER(L15),COUNTIF([2]Songs!$J:$J,L15)>0),"YES","") -> #VALUE! | X15: =IF(AND(ISNUMBER(L15),COUNTIF([3]CcliCombined!$D:$D,L15)>0),"YES","") -> #VALUE! | Y15: =IF(AND(ISNUMBER(L15),COUNTIF([4]Songs!$H:$H,L15)>0),"YES","") -> #VALUE! | Z15: S&S | AB15: 14 | AD15: =I15 &IF(H15=I15,""," "&H15) &IF(OR(R15=I15,R15=H15),""," "&R15) &IF(R15=S15,""," "&S15) -> C
A16: =INDEX(Albums!$A:$A, MATCH(C16,Albums!$C:$C,0)) -> 1 | B16: =INDEX(Albums!$B:$B, MATCH(C16,Albums!$C:$C,0)) -> 2014 | C16: The Worship Initiative, Vol. 02 | D16: 5 | E16: How Great Is Our God | G16: Chris Tomlin, Ed Cash | H16: C | I16: C | J16: 76 | K16: 4/4 | L16: 4348399 | M16: 2004 | N16: sixsteps Music | O16: Main | P16: Chris Tomlin | Q16: 84 | R16: C | S16: C | T16: Done | U16: Done | V16: =IF(AND(ISNUMBER(L16),COUNTIF([1]Songs!$L:$L,L16)>0),"YES","") -> YES | W16: =IF(AND(ISNUMBER(L16),COUNTIF([2]Songs!$J:$J,L16)>0),"YES","") -> #VALUE! | X16: =IF(AND(ISNUMBER(L16),COUNTIF([3]CcliCombined!$D:$D,L16)>0),"YES","") -> #VALUE! | Y16: =IF(AND(ISNUMBER(L16),COUNTIF([4]Songs!$H:$H,L16)>0),"YES","") -> #VALUE! | Z16: S&S | AB16: 15 | AD16: =I16 &IF(H16=I16,""," "&H16) &IF(OR(R16=I16,R16=H16),""," "&R16) &IF(R16=S16,""," "&S16) -> C
A17: =INDEX(Albums!$A:$A, MATCH(C17,Albums!$C:$C,0)) -> 1 | B17: =INDEX(Albums!$B:$B, MATCH(C17,Albums!$C:$C,0)) -> 2014 | C17: The Worship Initiative, Vol. 02 | D17: 6 | E17: You Are My All In All | G17: Dennis Jernigan | H17: F | I17: F | J17: 80 | K17: 4/4 | L17: 825356 | M17: 1991 | N17: Shepherd's Heart Music, Inc. | O17: Main | P17: Dennis Jernigan | Q17: 128 | R17: G | S17: G | T17: Done | U17: Done | V17: =IF(AND(ISNUMBER(L17),COUNTIF([1]Songs!$L:$L,L17)>0),"YES","") -> YES | W17: =IF(AND(ISNUMBER(L17),COUNTIF([2]Songs!$J:$J,L17)>0),"YES","") -> #VALUE! | X17: =IF(AND(ISNUMBER(L17),COUNTIF([3]CcliCombined!$D:$D,L17)>0),"YES","") -> #VALUE! | Y17: =IF(AND(ISNUMBER(L17),COUNTIF([4]Songs!$H:$H,L17)>0),"YES","") -> #VALUE! | Z17: S&S | AB17: 16 | AD17: =I17 &IF(H17=I17,""," "&H17) &IF(OR(R17=I17,R17=H17),""," "&R17) &IF(R17=S17,""," "&S17) -> F G
A18: =INDEX(Albums!$A:$A, MATCH(C18,Albums!$C:$C,0)) -> 1 | B18: =INDEX(Albums!$B:$B, MATCH(C18,Albums!$C:$C,0)) -> 2014 | C18: The Worship Initiative, Vol. 02 | D18: 7 | E18: We Exalt Thee | G18: Pete Sanchez Jr. | I18: F | J18: 70 | K18: 4/4 | L18: 17803 | M18: 1977 | N18: Sanchez, Pete, Jr. | O18: Main | P18: Pete Sanchez Jr. | Q18: 68 | R18: G | S18: G | T18: N/A | U18: Done | V18: =IF(AND(ISNUMBER(L18),COUNTIF([1]Songs!$L:$L,L18)>0),"YES","") | W18: =IF(AND(ISNUMBER(L18),COUNTIF([2]Songs!$J:$J,L18)>0),"YES","") -> #VALUE! | X18: =IF(AND(ISNUMBER(L18),COUNTIF([3]CcliCombined!$D:$D,L18)>0),"YES","") -> #VALUE! | Y18: =IF(AND(ISNUMBER(L18),COUNTIF([4]Songs!$H:$H,L18)>0),"YES","") -> #VALUE! | Z18: S&S | AB18: 17 | AD18: =I18 &IF(H18=I18,""," "&H18) &IF(OR(R18=I18,R18=H18),""," "&R18) &IF(R18=S18,""," "&S18) -> F G
A19: =INDEX(Albums!$A:$A, MATCH(C19,Albums!$C:$C,0)) -> 1 | B19: =INDEX(Albums!$B:$B, MATCH(C19,Albums!$C:$C,0)) -> 2014 | C19: The Worship Initiative, Vol. 02 | D19: 8 | E19: Our God | G19: Chris Tomlin, Jesse Reeves | H19: B | I19: B | J19: 105 | K19: 4/4 | L19: 5677416 | M19: 2010 | N19: Atlas Mountain Songs | O19: Main | P19: Chris Tomlin | Q19: 106 | R19: B | S19: B | T19: Done | U19: Done | V19: =IF(AND(ISNUMBER(L19),COUNTIF([1]Songs!$L:$L,L19)>0),"YES","") -> YES | W19: =IF(AND(ISNUMBER(L19),COUNTIF([2]Songs!$J:$J,L19)>0),"YES","") -> #VALUE! | X19: =IF(AND(ISNUMBER(L19),COUNTIF([3]CcliCombined!$D:$D,L19)>0),"YES","") -> #VALUE! | Y19: =IF(AND(ISNUMBER(L19),COUNTIF([4]Songs!$H:$H,L19)>0),"YES","") -> #VALUE! | Z19: S&S | AB19: 18 | AD19: =I19 &IF(H19=I19,""," "&H19) &IF(OR(R19=I19,R19=H19),""," "&R19) &IF(R19=S19,""," "&S19) -> B
A20: =INDEX(Albums!$A:$A, MATCH(C20,Albums!$C:$C,0)) -> 1 | B20: =INDEX(Albums!$B:$B, MATCH(C20,Albums!$C:$C,0)) -> 2014 | C20: The Worship Initiative, Vol. 02 | D20: 9 | E20: Open the Eyes of My Heart | G20: Paul Baloche | H20: E | I20: E | J20: 112 | K20: 4/4 | L20: 2298355 | M20: 1997 | N20: Integrity's Hosanna! Music | O20: Main | P20: Paul Baloche | Q20: 110 | R20: B | S20: B | T20: Done | U20: Done | V20: =IF(AND(ISNUMBER(L20),COUNTIF([1]Songs!$L:$L,L20)>0),"YES","") -> YES | W20: =IF(AND(ISNUMBER(L20),COUNTIF([2]Songs!$J:$J,L20)>0),"YES","") -> #VALUE! | X20: =IF(AND(ISNUMBER(L20),COUNTIF([3]CcliCombined!$D:$D,L20)>0),"YES","") -> #VALUE! | Y20: =IF(AND(ISNUMBER(L20),COUNTIF([4]Songs!$H:$H,L20)>0),"YES","") -> #VALUE! | Z20: S&S | AB20: 19 | AD20: =I20 &IF(H20=I20,""," "&H20) &IF(OR(R20=I20,R20=H20),""," "&R20) &IF(R20=S20,""," "&S20) -> E B
A21: =INDEX(Albums!$A:$A, MATCH(C21,Albums!$C:$C,0)) -> 1 | B21: =INDEX(Albums!$B:$B, MATCH(C21,Albums!$C:$C,0)) -> 2014 | C21: The Worship Initiative, Vol. 02 | D21: 10 | E21: Better Is One Day | G21: Matt Redman | H21: E | I21: E | J21: 77 | K21: 4/4 | L21: 1097451 | M21: 1995 | N21: Thankyou Music | O21: Main | P21: Matt Redman | Q21: 79 | R21: E | S21: E | T21: Done | U21: Done | V21: =IF(AND(ISNUMBER(L21),COUNTIF([1]Songs!$L:$L,L21)>0),"YES","") -> YES | W21: =IF(AND(ISNUMBER(L21),COUNTIF([2]Songs!$J:$J,L21)>0),"YES","") -> #VALUE! | X21: =IF(AND(ISNUMBER(L21),COUNTIF([3]CcliCombined!$D:$D,L21)>0),"YES","") -> #VALUE! | Y21: =IF(AND(ISNUMBER(L21),COUNTIF([4]Songs!$H:$H,L21)>0),"YES","") -> #VALUE! | Z21: S&S | AB21: 20 | AD21: =I21 &IF(H21=I21,""," "&H21) &IF(OR(R21=I21,R21=H21),""," "&R21) &IF(R21=S21,""," "&S21) -> E
A22: =INDEX(Albums!$A:$A, MATCH(C22,Albums!$C:$C,0)) -> 1 | B22: =INDEX(Albums!$B:$B, MATCH(C22,Albums!$C:$C,0)) -> 2014 | C22: The Worship Initiative, Vol. 03 | D22: 1 | E22: So I Can Love | G22: Chad Cates, Jonathan Abel | L22: 7031125 | M22: 2014 | N22: Icing on the Cates Music | P22: The Worship Initiative | Q22: 124 | R22: Ab | S22: G | T22: N/A | V22: =IF(AND(ISNUMBER(L22),COUNTIF([1]Songs!$L:$L,L22)>0),"YES","") | W22: =IF(AND(ISNUMBER(L22),COUNTIF([2]Songs!$J:$J,L22)>0),"YES","") -> #VALUE! | X22: =IF(AND(ISNUMBER(L22),COUNTIF([3]CcliCombined!$D:$D,L22)>0),"YES","") -> #VALUE! | Y22: =IF(AND(ISNUMBER(L22),COUNTIF([4]Songs!$H:$H,L22)>0),"YES","") -> #VALUE! | Z22: S&S | AB22: 21 | AC22: Lyrics Only | AD22: =I22 &IF(H22=I22,""," "&H22) &IF(OR(R22=I22,R22=H22),""," "&R22) &IF(R22=S22,""," "&S22) -> Ab G | AF22: Exclude
A23: =INDEX(Albums!$A:$A, MATCH(C23,Albums!$C:$C,0)) -> 1 | B23: =INDEX(Albums!$B:$B, MATCH(C23,Albums!$C:$C,0)) -> 2014 | C23: The Worship Initiative, Vol. 03 | D23: 2 | E23: I Will Follow | G23: Jonathan Abel | H23: A | I23: Bb | J23: 96 | K23: 4/4 | L23: 5806878 | M23: 2010 | N23: SHOUT! Music Publishing Australia | O23: Main | P23: Chris Tomlin | Q23: 96 | R23: G | S23: G | T23: Done | U23: Done | V23: =IF(AND(ISNUMBER(L23),COUNTIF([1]Songs!$L:$L,L23)>0),"YES","") -> YES | W23: =IF(AND(ISNUMBER(L23),COUNTIF([2]Songs!$J:$J,L23)>0),"YES","") -> #VALUE! | X23: =IF(AND(ISNUMBER(L23),COUNTIF([3]CcliCombined!$D:$D,L23)>0),"YES","") -> #VALUE! | Y23: =IF(AND(ISNUMBER(L23),COUNTIF([4]Songs!$H:$H,L23)>0),"YES","") -> #VALUE! | Z23: S&S | AB23: 22 | AD23: =I23 &IF(H23=I23,""," "&H23) &IF(OR(R23=I23,R23=H23),""," "&R23) &IF(R23=S23,""," "&S23) -> Bb A G
A24: =INDEX(Albums!$A:$A, MATCH(C24,Albums!$C:$C,0)) -> 1 | B24: =INDEX(Albums!$B:$B, MATCH(C24,Albums!$C:$C,0)) -> 2014 | C24: The Worship Initiative, Vol. 03 | D24: 3 | E24: Liberty | G24: Shane Barnard | L24: 6186872 | M24: 2011 | N24: River Oaks Music Company | P24: Shane & Shane | Q24: 111 | R24: G | S24: G | T24: N/A | V24: =IF(AND(ISNUMBER(L24),COUNTIF([1]Songs!$L:$L,L24)>0),"YES","") | W24: =IF(AND(ISNUMBER(L24),COUNTIF([2]Songs!$J:$J,L24)>0),"YES","") -> #VALUE! | X24: =IF(AND(ISNUMBER(L24),COUNTIF([3]CcliCombined!$D:$D,L24)>0),"YES","") -> #VALUE! | Y24: =IF(AND(ISNUMBER(L24),COUNTIF([4]Songs!$H:$H,L24)>0),"YES","") -> #VALUE! | Z24: S&S | AA24: YES | AB24: 23 | AC24: Lyrics Only | AD24: =I24 &IF(H24=I24,""," "&H24) &IF(OR(R24=I24,R24=H24),""," "&R24) &IF(R24=S24,""," "&S24) -> G | AF24: Exclude
A25: =INDEX(Albums!$A:$A, MATCH(C25,Albums!$C:$C,0)) -> 1 | B25: =INDEX(Albums!$B:$B, MATCH(C25,Albums!$C:$C,0)) -> 2014 | C25: The Worship Initiative, Vol. 03 | D25: 4 | E25: Oh Lord, You're Beautiful | G25: Keith Green | H25: D | I25: D | J25: 54 | K25: 4/4 | L25: 14514 | M25: 1980 | N25: Universal Music | O25: Main | P25: Keith Green | Q25: 56 | R25: G | S25: G | T25: Done | U25: Done | V25: =IF(AND(ISNUMBER(L25),COUNTIF([1]Songs!$L:$L,L25)>0),"YES","") | W25: =IF(AND(ISNUMBER(L25),COUNTIF([2]Songs!$J:$J,L25)>0),"YES","") -> #VALUE! | X25: =IF(AND(ISNUMBER(L25),COUNTIF([3]CcliCombined!$D:$D,L25)>0),"YES","") -> #VALUE! | Y25: =IF(AND(ISNUMBER(L25),COUNTIF([4]Songs!$H:$H,L25)>0),"YES","") -> #VALUE! | Z25: S&S | AB25: 24 | AD25: =I25 &IF(H25=I25,""," "&H25) &IF(OR(R25=I25,R25=H25),""," "&R25) &IF(R25=S25,""," "&S25) -> D G
A26: =INDEX(Albums!$A:$A, MATCH(C26,Albums!$C:$C,0)) -> 1 | B26: =INDEX(Albums!$B:$B, MATCH(C26,Albums!$C:$C,0)) -> 2014 | C26: The Worship Initiative, Vol. 03 | D26: 5 | E26: How He Loves | G26: John Mark McMillan | H26: C | I26: C | J26: 49 | K26: 6/8 | L26: 5032549 | M26: 2005 | N26: Integrity's Hosanna! Music | O26: Main | P26: John Mark McMillan | Q26: 72.5 | R26: C | S26: C | T26: Done | U26: Done | V26: =IF(AND(ISNUMBER(L26),COUNTIF([1]Songs!$L:$L,L26)>0),"YES","") | W26: =IF(AND(ISNUMBER(L26),COUNTIF([2]Songs!$J:$J,L26)>0),"YES","") -> #VALUE! | X26: =IF(AND(ISNUMBER(L26),COUNTIF([3]CcliCombined!$D:$D,L26)>0),"YES","") -> #VALUE! | Y26: =IF(AND(ISNUMBER(L26),COUNTIF([4]Songs!$H:$H,L26)>0),"YES","") -> #VALUE! | Z26: S&S | AB26: 25 | AD26: =I26 &IF(H26=I26,""," "&H26) &IF(OR(R26=I26,R26=H26),""," "&R26) &IF(R26=S26,""," "&S26) -> C
A27: =INDEX(Albums!$A:$A, MATCH(C27,Albums!$C:$C,0)) -> 1 | B27: =INDEX(Albums!$B:$B, MATCH(C27,Albums!$C:$C,0)) -> 2014 | C27: The Worship Initiative, Vol. 03 | D27: 6 | E27: Never Once | G27: Jason Ingram, Matt Redman | H27: B | I27: B | J27: 68 | K27: 4/4 | L27: 5997055 | M27: 2011 | N27: Chrysalis Music Ltd. | O27: Main | P27: Matt Redman | Q27: 70 | R27: C | S27: C | T27: Done | U27: Done | V27: =IF(AND(ISNUMBER(L27),COUNTIF([1]Songs!$L:$L,L27)>0),"YES","") | W27: =IF(AND(ISNUMBER(L27),COUNTIF([2]Songs!$J:$J,L27)>0),"YES","") -> #VALUE! | X27: =IF(AND(ISNUMBER(L27),COUNTIF([3]CcliCombined!$D:$D,L27)>0),"YES","") -> #VALUE! | Y27: =IF(AND(ISNUMBER(L27),COUNTIF([4]Songs!$H:$H,L27)>0),"YES","") -> #VALUE! | Z27: S&S | AB27: 26 | AD27: =I27 &IF(H27=I27,""," "&H27) &IF(OR(R27=I27,R27=H27),""," "&R27) &IF(R27=S27,""," "&S27) -> B C
A28: =INDEX(Albums!$A:$A, MATCH(C28,Albums!$C:$C,0)) -> 1 | B28: =INDEX(Albums!$B:$B, MATCH(C28,Albums!$C:$C,0)) -> 2014 | C28: The Worship Initiative, Vol. 03 | D28: 7 | E28: Shout to the Lord | G28: Darlene Zschech | H28: A | I28: A | J28: 76 | K28: 4/4 | L28: 1406918 | M28: 1993 | N28: Wondrous Worship | O28: Main | P28: Hillsong | Q28: 80 | R28: B | S28: B | T28: Done | U28: Done | V28: =IF(AND(ISNUMBER(L28),COUNTIF([1]Songs!$L:$L,L28)>0),"YES","") -> YES | W28: =IF(AND(ISNUMBER(L28),COUNTIF([2]Songs!$J:$J,L28)>0),"YES","") -> #VALUE! | X28: =IF(AND(ISNUMBER(L28),COUNTIF([3]CcliCombined!$D:$D,L28)>0),"YES","") -> #VALUE! | Y28: =IF(AND(ISNUMBER(L28),COUNTIF([4]Songs!$H:$H,L28)>0),"YES","") -> #VALUE! | Z28: S&S | AB28: 27 | AD28: =I28 &IF(H28=I28,""," "&H28) &IF(OR(R28=I28,R28=H28),""," "&R28) &IF(R28=S28,""," "&S28) -> A B
A29: =INDEX(Albums!$A:$A, MATCH(C29,Albums!$C:$C,0)) -> 1 | B29: =INDEX(Albums!$B:$B, MATCH(C29,Albums!$C:$C,0)) -> 2014 | C29: The Worship Initiative, Vol. 03 | D29: 8 | E29: Before The Throne of God Above | G29: Charitie L. Bancroft, Vikki Cook | H29: D | I29: D | J29: 76 | K29: 3/4 | L29: 2306412 | M29: 1997 | N29: Sovereign Grace Worship | O29: Main | P29: Shane & Shane | Q29: 68 | R29: Eb | S29: D | T29: Done | U29: Done | V29: =IF(AND(ISNUMBER(L29),COUNTIF([1]Songs!$L:$L,L29)>0),"YES","") -> YES | W29: =IF(AND(ISNUMBER(L29),COUNTIF([2]Songs!$J:$J,L29)>0),"YES","") -> #VALUE! | X29: =IF(AND(ISNUMBER(L29),COUNTIF([3]CcliCombined!$D:$D,L29)>0),"YES","") -> #VALUE! | Y29: =IF(AND(ISNUMBER(L29),COUNTIF([4]Songs!$H:$H,L29)>0),"YES","") -> #VALUE! | Z29: S&S | AB29: 28 | AD29: =I29 &IF(H29=I29,""," "&H29) &IF(OR(R29=I29,R29=H29),""," "&R29) &IF(R29=S29,""," "&S29) -> D Eb D
A30: =INDEX(Albums!$A:$A, MATCH(C30,Albums!$C:$C,0)) -> 1 | B30: =INDEX(Albums!$B:$B, MATCH(C30,Albums!$C:$C,0)) -> 2014 | C30: The Worship Initiative, Vol. 03 | D30: 9 | E30: Beautiful One | G30: Tim Hughes | H30: D | I30: D | J30: 122 | K30: 4/4 | L30: 3915912 | M30: 2002 | N30: Thankyou Music | O30: Main | P30: Tim Hughes | Q30: 120 | R30: Eb | S30: D | T30: Done | U30: Done | V30: =IF(AND(ISNUMBER(L30),COUNTIF([1]Songs!$L:$L,L30)>0),"YES","") -> YES | W30: =IF(AND(ISNUMBER(L30),COUNTIF([2]Songs!$J:$J,L30)>0),"YES","") -> #VALUE! | X30: =IF(AND(ISNUMBER(L30),COUNTIF([3]CcliCombined!$D:$D,L30)>0),"YES","") -> #VALUE! | Y30: =IF(AND(ISNUMBER(L30),COUNTIF([4]Songs!$H:$H,L30)>0),"YES","") -> #VALUE! | Z30: S&S | AB30: 29 | AD30: =I30 &IF(H30=I30,""," "&H30) &IF(OR(R30=I30,R30=H30),""," "&R30) &IF(R30=S30,""," "&S30) -> D Eb D
A31: =INDEX(Albums!$A:$A, MATCH(C31,Albums!$C:$C,0)) -> 1 | B31: =INDEX(Albums!$B:$B, MATCH(C31,Albums!$C:$C,0)) -> 2014 | C31: The Worship Initiative, Vol. 03 | D31: 10 | E31: Blessed Be Your Name | G31: Beth Redman, Matt Redman | H31: B | I31: B | J31: 116 | K31: 4/4 | L31: 3798438 | M31: 2002 | N31: Thankyou Music | O31: Main | P31: Matt Redman | Q31: 114 | R31: B | S31: B | T31: Done | U31: Done | V31: =IF(AND(ISNUMBER(L31),COUNTIF([1]Songs!$L:$L,L31)>0),"YES","") -> YES | W31: =IF(AND(ISNUMBER(L31),COUNTIF([2]Songs!$J:$J,L31)>0),"YES","") -> #VALUE! | X31: =IF(AND(ISNUMBER(L31),COUNTIF([3]CcliCombined!$D:$D,L31)>0),"YES","") -> #VALUE! | Y31: =IF(AND(ISNUMBER(L31),COUNTIF([4]Songs!$H:$H,L31)>0),"YES","") -> #VALUE! | Z31: S&S | AB31: 30 | AD31: =I31 &IF(H31=I31,""," "&H31) &IF(OR(R31=I31,R31=H31),""," "&R31) &IF(R31=S31,""," "&S31) -> B
A32: =INDEX(Albums!$A:$A, MATCH(C32,Albums!$C:$C,0)) -> 1 | B32: =INDEX(Albums!$B:$B, MATCH(C32,Albums!$C:$C,0)) -> 2014 | C32: The Worship Initiative, Vol. 04 | D32: 1 | E32: I Stand Amazed | F32: How Marvelous | G32: Charles Hutchinson Gabriel, Chris Tomlin | H32: G | I32: Ab | J32: 68 | K32: 4/4 | L32: 4674207 | M32: 2006 | N32: sixsteps Music | O32: Main | P32: Chris Tomlin | Q32: 104 | R32: A | S32: A | T32: Done | U32: Done | V32: =IF(AND(ISNUMBER(L32),COUNTIF([1]Songs!$L:$L,L32)>0),"YES","") | W32: =IF(AND(ISNUMBER(L32),COUNTIF([2]Songs!$J:$J,L32)>0),"YES","") -> #VALUE! | X32: =IF(AND(ISNUMBER(L32),COUNTIF([3]CcliCombined!$D:$D,L32)>0),"YES","") -> #VALUE! | Y32: =IF(AND(ISNUMBER(L32),COUNTIF([4]Songs!$H:$H,L32)>0),"YES","") -> #VALUE! | Z32: S&S | AB32: 31 | AD32: =I32 &IF(H32=I32,""," "&H32) &IF(OR(R32=I32,R32=H32),""," "&R32) &IF(R32=S32,""," "&S32) -> Ab G A | AE32: 7029507
A33: =INDEX(Albums!$A:$A, MATCH(C33,Albums!$C:$C,0)) -> 1 | B33: =INDEX(Albums!$B:$B, MATCH(C33,Albums!$C:$C,0)) -> 2014 | C33: The Worship Initiative, Vol. 04 | D33: 2 | E33: Our God Is Love | G33: Joel Houston, Scott Ligertwood | H33: F# | I33: F | J33: 121 | K33: 4/4 | L33: 5636866 | M33: 2009 | N33: Hillsong Music Publishing Australia | O33: Main | P33: Hillsong | Q33: 118 | R33: F# | S33: F | T33: Done | U33: Done | V33: =IF(AND(ISNUMBER(L33),COUNTIF([1]Songs!$L:$L,L33)>0),"YES","") | W33: =IF(AND(ISNUMBER(L33),COUNTIF([2]Songs!$J:$J,L33)>0),"YES","") -> #VALUE! | X33: =IF(AND(ISNUMBER(L33),COUNTIF([3]CcliCombined!$D:$D,L33)>0),"YES","") -> #VALUE! | Y33: =IF(AND(ISNUMBER(L33),COUNTIF([4]Songs!$H:$H,L33)>0),"YES","") -> #VALUE! | Z33: S&S | AB33: 32 | AD33: =I33 &IF(H33=I33,""," "&H33) &IF(OR(R33=I33,R33=H33),""," "&R33) &IF(R33=S33,""," "&S33) -> F F# F
A34: =INDEX(Albums!$A:$A, MATCH(C34,Albums!$C:$C,0)) -> 1 | B34: =INDEX(Albums!$B:$B, MATCH(C34,Albums!$C:$C,0)) -> 2014 | C34: The Worship Initiative, Vol. 04 | D34: 3 | E34: Holy Is The Lord | G34: Chris Tomlin, Louie Giglio | H34: A | I34: A | J34: 84 | K34: 4/4 | L34: 4158039 | M34: 2003 | N34: sixsteps Music | O34: Main | P34: Chris Tomlin | Q34: 77 | R34: G | S34: G | T34: Done | U34: Done | V34: =IF(AND(ISNUMBER(L34),COUNTIF([1]Songs!$L:$L,L34)>0),"YES","") | W34: =IF(AND(ISNUMBER(L34),COUNTIF([2]Songs!$J:$J,L34)>0),"YES","") -> #VALUE! | X34: =IF(AND(ISNUMBER(L34),COUNTIF([3]CcliCombined!$D:$D,L34)>0),"YES","") -> #VALUE! | Y34: =IF(AND(ISNUMBER(L34),COUNTIF([4]Songs!$H:$H,L34)>0),"YES","") -> #VALUE! | Z34: S&S | AB34: 33 | AD34: =I34 &IF(H34=I34,""," "&H34) &IF(OR(R34=I34,R34=H34),""," "&R34) &IF(R34=S34,""," "&S34) -> A G
A35: =INDEX(Albums!$A:$A, MATCH(C35,Albums!$C:$C,0)) -> 1 | B35: =INDEX(Albums!$B:$B, MATCH(C35,Albums!$C:$C,0)) -> 2014 | C35: The Worship Initiative, Vol. 04 | D35: 4 | E35: Here For You | G35: Jesse Reeves, Matt Maher | H35: G | I35: Ab | J35: 85 | K35: 4/4 | L35: 5925649 | M35: 2011 | N35: Chrysalis Music Ltd. | O35: Main | P35: Matt Redman | Q35: 86 | R35: C | S35: C | T35: Done | U35: Done | V35: =IF(AND(ISNUMBER(L35),COUNTIF([1]Songs!$L:$L,L35)>0),"YES","") -> YES | W35: =IF(AND(ISNUMBER(L35),COUNTIF([2]Songs!$J:$J,L35)>0),"YES","") -> #VALUE! | X35: =IF(AND(ISNUMBER(L35),COUNTIF([3]CcliCombined!$D:$D,L35)>0),"YES","") -> #VALUE! | Y35: =IF(AND(ISNUMBER(L35),COUNTIF([4]Songs!$H:$H,L35)>0),"YES","") -> #VALUE! | Z35: S&S | AB35: 34 | AD35: =I35 &IF(H35=I35,""," "&H35) &IF(OR(R35=I35,R35=H35),""," "&R35) &IF(R35=S35,""," "&S35) -> Ab G C
A36: =INDEX(Albums!$A:$A, MATCH(C36,Albums!$C:$C,0)) -> 1 | B36: =INDEX(Albums!$B:$B, MATCH(C36,Albums!$C:$C,0)) -> 2014 | C36: The Worship Initiative, Vol. 04 | D36: 5 | E36: Always | G36: Jason Ingram, Kristian Stanfill | H36: B | I36: B | J36: 70 | K36: 4/4 | L36: 5881037 | M36: 2010 | N36: sixsteps Music | O36: Main | P36: Passion | Q36: 72 | R36: C | S36: C | T36: Done | U36: Done | V36: =IF(AND(ISNUMBER(L36),COUNTIF([1]Songs!$L:$L,L36)>0),"YES","") | W36: =IF(AND(ISNUMBER(L36),COUNTIF([2]Songs!$J:$J,L36)>0),"YES","") -> #VALUE! | X36: =IF(AND(ISNUMBER(L36),COUNTIF([3]CcliCombined!$D:$D,L36)>0),"YES","") -> #VALUE! | Y36: =IF(AND(ISNUMBER(L36),COUNTIF([4]Songs!$H:$H,L36)>0),"YES","") -> #VALUE! | Z36: S&S | AB36: 35 | AD36: =I36 &IF(H36=I36,""," "&H36) &IF(OR(R36=I36,R36=H36),""," "&R36) &IF(R36=S36,""," "&S36) -> B C
A37: =INDEX(Albums!$A:$A, MATCH(C37,Albums!$C:$C,0)) -> 1 | B37: =INDEX(Albums!$B:$B, MATCH(C37,Albums!$C:$C,0)) -> 2014 | C37: The Worship Initiative, Vol. 04 | D37: 6 | E37: Here I Am To Worship | G37: Tim Hughes | H37: E | I37: E | J37: 75 | K37: 4/4 | L37: 3266032 | M37: 2000 | N37: Thankyou Music | O37: Main | P37: Tim Hughes | Q37: 69 | R37: C | S37: C | T37: Done | U37: Done | V37: =IF(AND(ISNUMBER(L37),COUNTIF([1]Songs!$L:$L,L37)>0),"YES","") -> YES | W37: =IF(AND(ISNUMBER(L37),COUNTIF([2]Songs!$J:$J,L37)>0),"YES","") -> #VALUE! | X37: =IF(AND(ISNUMBER(L37),COUNTIF([3]CcliCombined!$D:$D,L37)>0),"YES","") -> #VALUE! | Y37: =IF(AND(ISNUMBER(L37),COUNTIF([4]Songs!$H:$H,L37)>0),"YES","") -> #VALUE! | Z37: S&S | AB37: 36 | AD37: =I37 &IF(H37=I37,""," "&H37) &IF(OR(R37=I37,R37=H37),""," "&R37) &IF(R37=S37,""," "&S37) -> E C
A38: =INDEX(Albums!$A:$A, MATCH(C38,Albums!$C:$C,0)) -> 1 | B38: =INDEX(Albums!$B:$B, MATCH(C38,Albums!$C:$C,0)) -> 2014 | C38: The Worship Initiative, Vol. 04 | D38: 7 | E38: Worthy of Affection | G38: Shane Barnard, Shane Everett | H38: C | I38: C | J38: 56 | K38: 4/4 | L38: 5627772 | M38: 2009 | N38: River Oaks Music Company | O38: Main | P38: Shane & Shane | Q38: 58 | R38: C | S38: C | T38: NoNumber | U38: Done | V38: =IF(AND(ISNUMBER(L38),COUNTIF([1]Songs!$L:$L,L38)>0),"YES","") | W38: =IF(AND(ISNUMBER(L38),COUNTIF([2]Songs!$J:$J,L38)>0),"YES","") -> #VALUE! | X38: =IF(AND(ISNUMBER(L38),COUNTIF([3]CcliCombined!$D:$D,L38)>0),"YES","") -> #VALUE! | Y38: =IF(AND(ISNUMBER(L38),COUNTIF([4]Songs!$H:$H,L38)>0),"YES","") -> #VALUE! | Z38: S&S | AA38: YES | AB38: 37 | AD38: =I38 &IF(H38=I38,""," "&H38) &IF(OR(R38=I38,R38=H38),""," "&R38) &IF(R38=S38,""," "&S38) -> C
A39: =INDEX(Albums!$A:$A, MATCH(C39,Albums!$C:$C,0)) -> 1 | B39: =INDEX(Albums!$B:$B, MATCH(C39,Albums!$C:$C,0)) -> 2014 | C39: The Worship Initiative, Vol. 04 | D39: 8 | E39: Healer | G39: Mike Guglielmucci | H39: B | I39: B | J39: 80 | K39: 4/4 | L39: 4873981 | M39: 2007 | N39: Planetshakers Ministries Int. Inc. | O39: Main | P39: Hillsong | Q39: 77 | R39: A | S39: A | T39: Done | U39: Done | V39: =IF(AND(ISNUMBER(L39),COUNTIF([1]Songs!$L:$L,L39)>0),"YES","") -> YES | W39: =IF(AND(ISNUMBER(L39),COUNTIF([2]Songs!$J:$J,L39)>0),"YES","") -> #VALUE! | X39: =IF(AND(ISNUMBER(L39),COUNTIF([3]CcliCombined!$D:$D,L39)>0),"YES","") -> #VALUE! | Y39: =IF(AND(ISNUMBER(L39),COUNTIF([4]Songs!$H:$H,L39)>0),"YES","") -> #VALUE! | Z39: S&S | AB39: 38 | AD39: =I39 &IF(H39=I39,""," "&H39) &IF(OR(R39=I39,R39=H39),""," "&R39) &IF(R39=S39,""," "&S39) -> B A
A40: =INDEX(Albums!$A:$A, MATCH(C40,Albums!$C:$C,0)) -> 1 | B40: =INDEX(Albums!$B:$B, MATCH(C40,Albums!$C:$C,0)) -> 2014 | C40: The Worship Initiative, Vol. 04 | D40: 9 | E40: It Is Well | F40: Hymn | G40: Horatio Gates Spafford, Philip Paul Bliss | H40: C | I40: C | J40: 82 | K40: 4/4 | L40: 25376 | M40: 1873 | N40: Public Domain | O40: Main | P40: The Worship Initiative | Q40: 68 | R40: Db | S40: C | T40: Done | U40: Done | V40: =IF(AND(ISNUMBER(L40),COUNTIF([1]Songs!$L:$L,L40)>0),"YES","") -> YES | W40: =IF(AND(ISNUMBER(L40),COUNTIF([2]Songs!$J:$J,L40)>0),"YES","") -> #VALUE! | X40: =IF(AND(ISNUMBER(L40),COUNTIF([3]CcliCombined!$D:$D,L40)>0),"YES","") -> #VALUE! | Y40: =IF(AND(ISNUMBER(L40),COUNTIF([4]Songs!$H:$H,L40)>0),"YES","") -> #VALUE! | Z40: S&S | AB40: 39 | AD40: =I40 &IF(H40=I40,""," "&H40) &IF(OR(R40=I40,R40=H40),""," "&R40) &IF(R40=S40,""," "&S40) -> C Db C | AE40: 7029513
A41: =INDEX(Albums!$A:$A, MATCH(C41,Albums!$C:$C,0)) -> 1 | B41: =INDEX(Albums!$B:$B, MATCH(C41,Albums!$C:$C,0)) -> 2014 | C41: The Worship Initiative, Vol. 04 | D41: 10 | E41: O Praise Him | F41: All This For a King | G41: David Crowder | H41: A | I41: Bb | J41: 116 | K41: 4/4 | L41: 4158022 | M41: 2003 | N41: sixsteps Music | O41: Main | P41: Crowder | Q41: 115 | R41: Bb | S41: A | T41: Done | U41: Done | V41: =IF(AND(ISNUMBER(L41),COUNTIF([1]Songs!$L:$L,L41)>0),"YES","") | W41: =IF(AND(ISNUMBER(L41),COUNTIF([2]Songs!$J:$J,L41)>0),"YES","") -> #VALUE! | X41: =IF(AND(ISNUMBER(L41),COUNTIF([3]CcliCombined!$D:$D,L41)>0),"YES","") -> #VALUE! | Y41: =IF(AND(ISNUMBER(L41),COUNTIF([4]Songs!$H:$H,L41)>0),"YES","") -> #VALUE! | Z41: S&S | AB41: 40 | AD41: =I41 &IF(H41=I41,""," "&H41) &IF(OR(R41=I41,R41=H41),""," "&R41) &IF(R41=S41,""," "&S41) -> Bb A A
A42: =INDEX(Albums!$A:$A, MATCH(C42,Albums!$C:$C,0)) -> 1 | B42: =INDEX(Albums!$B:$B, MATCH(C42,Albums!$C:$C,0)) -> 2014 | C42: The Worship Initiative, Vol. 05 | D42: 1 | E42: Cornerstone | G42: Edward Mote, Eric Liljero | H42: C | I42: C | J42: 71 | K42: 4/4 | L42: 6158927 | M42: 2011 | N42: Hillsong Music Publishing Australia | O42: Main | P42: Hillsong | Q42: 68 | R42: C | S42: C | T42: Done | U42: Done | V42: =IF(AND(ISNUMBER(L42),COUNTIF([1]Songs!$L:$L,L42)>0),"YES","") -> YES | W42: =IF(AND(ISNUMBER(L42),COUNTIF([2]Songs!$J:$J,L42)>0),"YES","") -> #VALUE! | X42: =IF(AND(ISNUMBER(L42),COUNTIF([3]CcliCombined!$D:$D,L42)>0),"YES","") -> #VALUE! | Y42: =IF(AND(ISNUMBER(L42),COUNTIF([4]Songs!$H:$H,L42)>0),"YES","") -> #VALUE! | Z42: S&S | AB42: 41 | AD42: =I42 &IF(H42=I42,""," "&H42) &IF(OR(R42=I42,R42=H42),""," "&R42) &IF(R42=S42,""," "&S42) -> C
A43: =INDEX(Albums!$A:$A, MATCH(C43,Albums!$C:$C,0)) -> 1 | B43: =INDEX(Albums!$B:$B, MATCH(C43,Albums!$C:$C,0)) -> 2014 | C43: The Worship Initiative, Vol. 05 | D43: 2 | E43: Reign In Us | G43: Tim Neufeld, Jon Neufeld | H43: A | I43: A | J43: 72 | K43: 4/4 | L43: 5207587 | M43: 2008 | N43: Birdwing Music | O43: Main | P43: Starfield | Q43: 71 | R43: C | S43: C | T43: Done | U43: Done | V43: =IF(AND(ISNUMBER(L43),COUNTIF([1]Songs!$L:$L,L43)>0),"YES","") | W43: =IF(AND(ISNUMBER(L43),COUNTIF([2]Songs!$J:$J,L43)>0),"YES","") -> #VALUE! | X43: =IF(AND(ISNUMBER(L43),COUNTIF([3]CcliCombined!$D:$D,L43)>0),"YES","") -> #VALUE! | Y43: =IF(AND(ISNUMBER(L43),COUNTIF([4]Songs!$H:$H,L43)>0),"YES","") -> #VALUE! | Z43: S&S | AB43: 42 | AD43: =I43 &IF(H43=I43,""," "&H43) &IF(OR(R43=I43,R43=H43),""," "&R43) &IF(R43=S43,""," "&S43) -> A C
A44: =INDEX(Albums!$A:$A, MATCH(C44,Albums!$C:$C,0)) -> 1 | B44: =INDEX(Albums!$B:$B, MATCH(C44,Albums!$C:$C,0)) -> 2014 | C44: The Worship Initiative, Vol. 05 | D44: 3 | E44: Cannons | G44: Phil Wickham | H44: A | I44: A | J44: 78 | K44: 4/4 | L44: 5124055 | M44: 2006 | N44: Phil Wickham Music | O44: Main | P44: Phil Wickham | Q44: 79 | R44: G | S44: G | T44: Done | U44: Done | V44: =IF(AND(ISNUMBER(L44),COUNTIF([1]Songs!$L:$L,L44)>0),"YES","") | W44: =IF(AND(ISNUMBER(L44),COUNTIF([2]Songs!$J:$J,L44)>0),"YES","") -> #VALUE! | X44: =IF(AND(ISNUMBER(L44),COUNTIF([3]CcliCombined!$D:$D,L44)>0),"YES","") -> #VALUE! | Y44: =IF(AND(ISNUMBER(L44),COUNTIF([4]Songs!$H:$H,L44)>0),"YES","") -> #VALUE! | Z44: S&S | AB44: 43 | AD44: =I44 &IF(H44=I44,""," "&H44) &IF(OR(R44=I44,R44=H44),""," "&R44) &IF(R44=S44,""," "&S44) -> A G
A45: =INDEX(Albums!$A:$A, MATCH(C45,Albums!$C:$C,0)) -> 1 | B45: =INDEX(Albums!$B:$B, MATCH(C45,Albums!$C:$C,0)) -> 2014 | C45: The Worship Initiative, Vol. 05 | D45: 4 | E45: Though You Slay Me | G45: Shane Barnard, Beth Barnard | H45: A | I45: Bb | J45: 57 | K45: 4/4 | L45: 6590798 | M45: 2013 | N45: River Oaks Music Company | O45: Main | P45: Shane & Shane | Q45: 58 | R45: G | S45: G | T45: Done | U45: Done | V45: =IF(AND(ISNUMBER(L45),COUNTIF([1]Songs!$L:$L,L45)>0),"YES","") | W45: =IF(AND(ISNUMBER(L45),COUNTIF([2]Songs!$J:$J,L45)>0),"YES","") -> #VALUE! | X45: =IF(AND(ISNUMBER(L45),COUNTIF([3]CcliCombined!$D:$D,L45)>0),"YES","") -> #VALUE! | Y45: =IF(AND(ISNUMBER(L45),COUNTIF([4]Songs!$H:$H,L45)>0),"YES","") -> #VALUE! | Z45: S&S | AA45: YES | AB45: 44 | AD45: =I45 &IF(H45=I45,""," "&H45) &IF(OR(R45=I45,R45=H45),""," "&R45) &IF(R45=S45,""," "&S45) -> Bb A G
A46: =INDEX(Albums!$A:$A, MATCH(C46,Albums!$C:$C,0)) -> 1 | B46: =INDEX(Albums!$B:$B, MATCH(C46,Albums!$C:$C,0)) -> 2014 | C46: The Worship Initiative, Vol. 05 | D46: 5 | E46: Let My Words Be Few | G46: Matt Redman, Beth Redman | H46: G | I46: Ab | J46: 90 | K46: 4/4 | L46: 3040980 | M46: 2000 | N46: Thankyou Music | O46: Main | P46: Matt Redman | Q46: 71 | R46: A | S46: A | T46: Done | U46: Done | V46: =IF(AND(ISNUMBER(L46),COUNTIF([1]Songs!$L:$L,L46)>0),"YES","") | W46: =IF(AND(ISNUMBER(L46),COUNTIF([2]Songs!$J:$J,L46)>0),"YES","") -> #VALUE! | X46: =IF(AND(ISNUMBER(L46),COUNTIF([3]CcliCombined!$D:$D,L46)>0),"YES","") -> #VALUE! | Y46: =IF(AND(ISNUMBER(L46),COUNTIF([4]Songs!$H:$H,L46)>0),"YES","") -> #VALUE! | Z46: S&S | AB46: 45 | AD46: =I46 &IF(H46=I46,""," "&H46) &IF(OR(R46=I46,R46=H46),""," "&R46) &IF(R46=S46,""," "&S46) -> Ab G A
A47: =INDEX(Albums!$A:$A, MATCH(C47,Albums!$C:$C,0)) -> 1 | B47: =INDEX(Albums!$B:$B, MATCH(C47,Albums!$C:$C,0)) -> 2014 | C47: The Worship Initiative, Vol. 05 | D47: 6 | E47: I Am Set Free | G47: Leslie Jordan | H47: E | I47: E | J47: 78 | K47: 4/4 | L47: 5880784 | M47: 2011 | N47: Integrity's Praise! Music | O47: Main | P47: All Sons & Daughters | Q47: 78 | R47: A | S47: A | T47: Done | U47: Done | V47: =IF(AND(ISNUMBER(L47),COUNTIF([1]Songs!$L:$L,L47)>0),"YES","") | W47: =IF(AND(ISNUMBER(L47),COUNTIF([2]Songs!$J:$J,L47)>0),"YES","") -> #VALUE! | X47: =IF(AND(ISNUMBER(L47),COUNTIF([3]CcliCombined!$D:$D,L47)>0),"YES","") -> #VALUE! | Y47: =IF(AND(ISNUMBER(L47),COUNTIF([4]Songs!$H:$H,L47)>0),"YES","") -> #VALUE! | Z47: S&S | AB47: 46 | AD47: =I47 &IF(H47=I47,""," "&H47) &IF(OR(R47=I47,R47=H47),""," "&R47) &IF(R47=S47,""," "&S47) -> E A
A48: =INDEX(Albums!$A:$A, MATCH(C48,Albums!$C:$C,0)) -> 1 | B48: =INDEX(Albums!$B:$B, MATCH(C48,Albums!$C:$C,0)) -> 2014 | C48: The Worship Initiative, Vol. 05 | D48: 7 | E48: Give Us Clean Hands | G48: Charlie Hall | H48: G | I48: Ab | J48: 75 | K48: 4/4 | L48: 2060208 | M48: 200 | N48: sixsteps Music | O48: Main | P48: Chris Tomlin | Q48: 73 | R48: A | S48: A | T48: Done | U48: Done | V48: =IF(AND(ISNUMBER(L48),COUNTIF([1]Songs!$L:$L,L48)>0),"YES","") | W48: =IF(AND(ISNUMBER(L48),COUNTIF([2]Songs!$J:$J,L48)>0),"YES","") -> #VALUE! | X48: =IF(AND(ISNUMBER(L48),COUNTIF([3]CcliCombined!$D:$D,L48)>0),"YES","") -> #VALUE! | Y48: =IF(AND(ISNUMBER(L48),COUNTIF([4]Songs!$H:$H,L48)>0),"YES","") -> #VALUE! | Z48: S&S | AB48: 47 | AD48: =I48 &IF(H48=I48,""," "&H48) &IF(OR(R48=I48,R48=H48),""," "&R48) &IF(R48=S48,""," "&S48) -> Ab G A
A49: =INDEX(Albums!$A:$A, MATCH(C49,Albums!$C:$C,0)) -> 1 | B49: =INDEX(Albums!$B:$B, MATCH(C49,Albums!$C:$C,0)) -> 2014 | C49: The Worship Initiative, Vol. 05 | D49: 8 | E49: Jesus Paid It All | G49: Alex Nifong, Elvina Hall | H49: B | I49: B | J49: 80 | K49: 3/4 | L49: 4689508 | M49: 2006 | N49: Pay Me Please Publishing | O49: Main | P49: Passion | Q49: 70 | R49: D | S49: D | T49: Done | U49: Done | V49: =IF(AND(ISNUMBER(L49),COUNTIF([1]Songs!$L:$L,L49)>0),"YES","") | W49: =IF(AND(ISNUMBER(L49),COUNTIF([2]Songs!$J:$J,L49)>0),"YES","") -> #VALUE! | X49: =IF(AND(ISNUMBER(L49),COUNTIF([3]CcliCombined!$D:$D,L49)>0),"YES","") -> #VALUE! | Y49: =IF(AND(ISNUMBER(L49),COUNTIF([4]Songs!$H:$H,L49)>0),"YES","") -> #VALUE! | Z49: S&S | AB49: 48 | AD49: =I49 &IF(H49=I49,""," "&H49) &IF(OR(R49=I49,R49=H49),""," "&R49) &IF(R49=S49,""," "&S49) -> B D
A50: =INDEX(Albums!$A:$A, MATCH(C50,Albums!$C:$C,0)) -> 1 | B50: =INDEX(Albums!$B:$B, MATCH(C50,Albums!$C:$C,0)) -> 2014 | C50: The Worship Initiative, Vol. 05 | D50: 9 | E50: Your Great Name | G50: Krissy Nordhoff, Michael Neale | H50: C | I50: C | J50: 75 | K50: 4/4 | L50: 5393329 | M50: 2008 | N50: Integrity's Praise! Music | O50: Main | P50: Natalie Grant | Q50: 75 | R50: F# | S50: F | T50: Done | U50: Done | V50: =IF(AND(ISNUMBER(L50),COUNTIF([1]Songs!$L:$L,L50)>0),"YES","") -> YES | W50: =IF(AND(ISNUMBER(L50),COUNTIF([2]Songs!$J:$J,L50)>0),"YES","") -> #VALUE! | X50: =IF(AND(ISNUMBER(L50),COUNTIF([3]CcliCombined!$D:$D,L50)>0),"YES","") -> #VALUE! | Y50: =IF(AND(ISNUMBER(L50),COUNTIF([4]Songs!$H:$H,L50)>0),"YES","") -> #VALUE! | Z50: S&S | AB50: 49 | AD50: =I50 &IF(H50=I50,""," "&H50) &IF(OR(R50=I50,R50=H50),""," "&R50) &IF(R50=S50,""," "&S50) -> C F# F
A51: =INDEX(Albums!$A:$A, MATCH(C51,Albums!$C:$C,0)) -> 1 | B51: =INDEX(Albums!$B:$B, MATCH(C51,Albums!$C:$C,0)) -> 2014 | C51: The Worship Initiative, Vol. 05 | D51: 10 | E51: The Wonderful Cross | G51: Chris Tomlin, Isaac Watts | H51: D | I51: D | J51: 88 | K51: 4/4 | L51: 3148435 | M51: 2000 | N51: sixsteps Music | O51: Main | P51: Chris Tomlin | Q51: 88 | R51: E | S51: E | T51: Done | U51: Done | V51: =IF(AND(ISNUMBER(L51),COUNTIF([1]Songs!$L:$L,L51)>0),"YES","") -> YES | W51: =IF(AND(ISNUMBER(L51),COUNTIF([2]Songs!$J:$J,L51)>0),"YES","") -> #VALUE! | X51: =IF(AND(ISNUMBER(L51),COUNTIF([3]CcliCombined!$D:$D,L51)>0),"YES","") -> #VALUE! | Y51: =IF(AND(ISNUMBER(L51),COUNTIF([4]Songs!$H:$H,L51)>0),"YES","") -> #VALUE! | Z51: S&S | AB51: 50 | AD51: =I51 &IF(H51=I51,""," "&H51) &IF(OR(R51=I51,R51=H51),""," "&R51) &IF(R51=S51,""," "&S51) -> D E
A52: =INDEX(Albums!$A:$A, MATCH(C52,Albums!$C:$C,0)) -> 1 | B52: =INDEX(Albums!$B:$B, MATCH(C52,Albums!$C:$C,0)) -> 2014 | C52: The Worship Initiative, Vol. 06 | D52: 1 | E52: Because He Lives | G52: Gloria Gaither, William J. Gaither | H52: G | I52: Ab | J52: 96 | K52: 4/4 | L52: 16880 | M52: 1971 | N52: Hanna Street Music | O52: Main | P52: William Gaither | Q52: 118 | R52: A | S52: A | T52: Done | U52: Done | V52: =IF(AND(ISNUMBER(L52),COUNTIF([1]Songs!$L:$L,L52)>0),"YES","") -> YES | W52: =IF(AND(ISNUMBER(L52),COUNTIF([2]Songs!$J:$J,L52)>0),"YES","") -> #VALUE! | X52: =IF(AND(ISNUMBER(L52),COUNTIF([3]CcliCombined!$D:$D,L52)>0),"YES","") -> #VALUE! | Y52: =IF(AND(ISNUMBER(L52),COUNTIF([4]Songs!$H:$H,L52)>0),"YES","") -> #VALUE! | Z52: S&S | AB52: 51 | AD52: =I52 &IF(H52=I52,""," "&H52) &IF(OR(R52=I52,R52=H52),""," "&R52) &IF(R52=S52,""," "&S52) -> Ab G A
A53: =INDEX(Albums!$A:$A, MATCH(C53,Albums!$C:$C,0)) -> 1 | B53: =INDEX(Albums!$B:$B, MATCH(C53,Albums!$C:$C,0)) -> 2014 | C53: The Worship Initiative, Vol. 06 | D53: 2 | E53: Now and Always | G53: Shane Barnard | L53: 7029241 | M53: 2013 | N53: Wellhouse | P53: Shane & Shane | Q53: 70 | R53: A | S53: A | T53: N/A | V53: =IF(AND(ISNUMBER(L53),COUNTIF([1]Songs!$L:$L,L53)>0),"YES","") | W53: =IF(AND(ISNUMBER(L53),COUNTIF([2]Songs!$J:$J,L53)>0),"YES","") -> #VALUE! | X53: =IF(AND(ISNUMBER(L53),COUNTIF([3]CcliCombined!$D:$D,L53)>0),"YES","") -> #VALUE! | Y53: =IF(AND(ISNUMBER(L53),COUNTIF([4]Songs!$H:$H,L53)>0),"YES","") -> #VALUE! | Z53: S&S | AA53: YES | AB53: 52 | AC53: Lyrics Only | AD53: =I53 &IF(H53=I53,""," "&H53) &IF(OR(R53=I53,R53=H53),""," "&R53) &IF(R53=S53,""," "&S53) -> A | AF53: Exclude
A54: =INDEX(Albums!$A:$A, MATCH(C54,Albums!$C:$C,0)) -> 1 | B54: =INDEX(Albums!$B:$B, MATCH(C54,Albums!$C:$C,0)) -> 2014 | C54: The Worship Initiative, Vol. 06 | D54: 3 | E54: Revelation Song | G54: Jennie L. Riddle | H54: D | I54: D | J54: 60 | K54: 4/4 | L54: 4447960 | M54: 2004 | N54: Gateway Create Publishing | O54: Main | P54: Kari Jobe | Q54: 64 | R54: E | S54: E | T54: Done | U54: Done | V54: =IF(AND(ISNUMBER(L54),COUNTIF([1]Songs!$L:$L,L54)>0),"YES","") -> YES | W54: =IF(AND(ISNUMBER(L54),COUNTIF([2]Songs!$J:$J,L54)>0),"YES","") -> #VALUE! | X54: =IF(AND(ISNUMBER(L54),COUNTIF([3]CcliCombined!$D:$D,L54)>0),"YES","") -> #VALUE! | Y54: =IF(AND(ISNUMBER(L54),COUNTIF([4]Songs!$H:$H,L54)>0),"YES","") -> #VALUE! | Z54: S&S | AB54: 53 | AD54: =I54 &IF(H54=I54,""," "&H54) &IF(OR(R54=I54,R54=H54),""," "&R54) &IF(R54=S54,""," "&S54) -> D E
A55: =INDEX(Albums!$A:$A, MATCH(C55,Albums!$C:$C,0)) -> 1 | B55: =INDEX(Albums!$B:$B, MATCH(C55,Albums!$C:$C,0)) -> 2014 | C55: The Worship Initiative, Vol. 06 | D55: 4 | E55: Great Is Thy Faithfulness | G55: Thomas Chisholm, William Runyan | H55: D | I55: D | J55: 75 | K55: 3/4 | L55: 18723 | M55: 1923 | N55: Public Domain | O55: Main | P55: The Worship Initiative | Q55: 85 | R55: E | S55: E | T55: Done | U55: Done | V55: =IF(AND(ISNUMBER(L55),COUNTIF([1]Songs!$L:$L,L55)>0),"YES","") -> YES | W55: =IF(AND(ISNUMBER(L55),COUNTIF([2]Songs!$J:$J,L55)>0),"YES","") -> #VALUE! | X55: =IF(AND(ISNUMBER(L55),COUNTIF([3]CcliCombined!$D:$D,L55)>0),"YES","") -> #VALUE! | Y55: =IF(AND(ISNUMBER(L55),COUNTIF([4]Songs!$H:$H,L55)>0),"YES","") -> #VALUE! | Z55: S&S | AB55: 54 | AD55: =I55 &IF(H55=I55,""," "&H55) &IF(OR(R55=I55,R55=H55),""," "&R55) &IF(R55=S55,""," "&S55) -> D E
A56: =INDEX(Albums!$A:$A, MATCH(C56,Albums!$C:$C,0)) -> 1 | B56: =INDEX(Albums!$B:$B, MATCH(C56,Albums!$C:$C,0)) -> 2014 | C56: The Worship Initiative, Vol. 06 | D56: 5 | E56: The Cross Stands | G56: Tim Hughes, Nick Herbert | H56: A | I56: Bb | J56: 76 | K56: 4/4 | L56: 6521035 | M56: 2013 | N56: sixsteps Music | O56: Main | P56: Tim Hughes | Q56: 74 | R56: Bb | S56: A | T56: NoNumber | U56: Done | V56: =IF(AND(ISNUMBER(L56),COUNTIF([1]Songs!$L:$L,L56)>0),"YES","") | W56: =IF(AND(ISNUMBER(L56),COUNTIF([2]Songs!$J:$J,L56)>0),"YES","") -> #VALUE! | X56: =IF(AND(ISNUMBER(L56),COUNTIF([3]CcliCombined!$D:$D,L56)>0),"YES","") -> #VALUE! | Y56: =IF(AND(ISNUMBER(L56),COUNTIF([4]Songs!$H:$H,L56)>0),"YES","") -> #VALUE! | Z56: S&S | AB56: 55 | AD56: =I56 &IF(H56=I56,""," "&H56) &IF(OR(R56=I56,R56=H56),""," "&R56) &IF(R56=S56,""," "&S56) -> Bb A A
A57: =INDEX(Albums!$A:$A, MATCH(C57,Albums!$C:$C,0)) -> 1 | B57: =INDEX(Albums!$B:$B, MATCH(C57,Albums!$C:$C,0)) -> 2014 | C57: The Worship Initiative, Vol. 06 | D57: 6 | E57: Marvelous Light | G57: Charlie Hall | H57: B | I57: B | J57: 120 | K57: 4/4 | L57: 4491002 | M57: 2005 | N57: sixsteps Music | O57: Main | P57: Charlie Hall | Q57: 113 | R57: Bb | S57: A | T57: Done | U57: Done | V57: =IF(AND(ISNUMBER(L57),COUNTIF([1]Songs!$L:$L,L57)>0),"YES","") | W57: =IF(AND(ISNUMBER(L57),COUNTIF([2]Songs!$J:$J,L57)>0),"YES","") -> #VALUE! | X57: =IF(AND(ISNUMBER(L57),COUNTIF([3]CcliCombined!$D:$D,L57)>0),"YES","") -> #VALUE! | Y57: =IF(AND(ISNUMBER(L57),COUNTIF([4]Songs!$H:$H,L57)>0),"YES","") -> #VALUE! | Z57: S&S | AB57: 56 | AD57: =I57 &IF(H57=I57,""," "&H57) &IF(OR(R57=I57,R57=H57),""," "&R57) &IF(R57=S57,""," "&S57) -> B Bb A
A58: =INDEX(Albums!$A:$A, MATCH(C58,Albums!$C:$C,0)) -> 1 | B58: =INDEX(Albums!$B:$B, MATCH(C58,Albums!$C:$C,0)) -> 2014 | C58: The Worship Initiative, Vol. 06 | D58: 7 | E58: Forever | F58: Sing Praise | G58: Chris Tomlin | H58: A | I58: A | J58: 120 | K58: 4/4 | L58: 3148428 | M58: 2001 | N58: sixsteps Music | O58: Main | P58: Chris Tomlin | Q58: 123 | R58: Bb | S58: A | T58: Done | U58: Done | V58: =IF(AND(ISNUMBER(L58),COUNTIF([1]Songs!$L:$L,L58)>0),"YES","") -> YES | W58: =IF(AND(ISNUMBER(L58),COUNTIF([2]Songs!$J:$J,L58)>0),"YES","") -> #VALUE! | X58: =IF(AND(ISNUMBER(L58),COUNTIF([3]CcliCombined!$D:$D,L58)>0),"YES","") -> #VALUE! | Y58: =IF(AND(ISNUMBER(L58),COUNTIF([4]Songs!$H:$H,L58)>0),"YES","") -> #VALUE! | Z58: S&S | AB58: 57 | AD58: =I58 &IF(H58=I58,""," "&H58) &IF(OR(R58=I58,R58=H58),""," "&R58) &IF(R58=S58,""," "&S58) -> A Bb A
A59: =INDEX(Albums!$A:$A, MATCH(C59,Albums!$C:$C,0)) -> 1 | B59: =INDEX(Albums!$B:$B, MATCH(C59,Albums!$C:$C,0)) -> 2014 | C59: The Worship Initiative, Vol. 06 | D59: 8 | E59: One Thing Remains | G59: Brian Johnson, Christa B. Gifford | H59: G | I59: Bb | J59: 78 | K59: 4/4 | L59: 5508444 | M59: 2010 | N59: ChristaJoy Music Publishing | O59: Main | P59: Brian Johnson | Q59: 71 | R59: Db | S59: C | T59: Done | U59: Done | V59: =IF(AND(ISNUMBER(L59),COUNTIF([1]Songs!$L:$L,L59)>0),"YES","") -> YES | W59: =IF(AND(ISNUMBER(L59),COUNTIF([2]Songs!$J:$J,L59)>0),"YES","") -> #VALUE! | X59: =IF(AND(ISNUMBER(L59),COUNTIF([3]CcliCombined!$D:$D,L59)>0),"YES","") -> #VALUE! | Y59: =IF(AND(ISNUMBER(L59),COUNTIF([4]Songs!$H:$H,L59)>0),"YES","") -> #VALUE! | Z59: S&S | AB59: 58 | AD59: =I59 &IF(H59=I59,""," "&H59) &IF(OR(R59=I59,R59=H59),""," "&R59) &IF(R59=S59,""," "&S59) -> Bb G Db C
A60: =INDEX(Albums!$A:$A, MATCH(C60,Albums!$C:$C,0)) -> 1 | B60: =INDEX(Albums!$B:$B, MATCH(C60,Albums!$C:$C,0)) -> 2014 | C60: The Worship Initiative, Vol. 06 | D60: 9 | E60: Lead Me to the Cross | G60: Brooke Ligertwood | H60: D | I60: D | J60: 75 | K60: 4/4 | L60: 4785828 | M60: 2006 | N60: Hillsong Music Publishing Australia | O60: Main | P60: Hillsong | Q60: 72 | R60: G | S60: G | T60: Done | U60: Done | V60: =IF(AND(ISNUMBER(L60),COUNTIF([1]Songs!$L:$L,L60)>0),"YES","") -> YES | W60: =IF(AND(ISNUMBER(L60),COUNTIF([2]Songs!$J:$J,L60)>0),"YES","") -> #VALUE! | X60: =IF(AND(ISNUMBER(L60),COUNTIF([3]CcliCombined!$D:$D,L60)>0),"YES","") -> #VALUE! | Y60: =IF(AND(ISNUMBER(L60),COUNTIF([4]Songs!$H:$H,L60)>0),"YES","") -> #VALUE! | Z60: S&S | AB60: 59 | AD60: =I60 &IF(H60=I60,""," "&H60) &IF(OR(R60=I60,R60=H60),""," "&R60) &IF(R60=S60,""," "&S60) -> D G
A61: =INDEX(Albums!$A:$A, MATCH(C61,Albums!$C:$C,0)) -> 1 | B61: =INDEX(Albums!$B:$B, MATCH(C61,Albums!$C:$C,0)) -> 2014 | C61: The Worship Initiative, Vol. 06 | D61: 10 | E61: Your Grace is Enough | G61: Matt Maher | H61: G | I61: G | J61: 116 | K61: 4/4 | L61: 4477026 | M61: 2003 | N61: Thankyou Music | O61: Main | P61: Matt Maher | Q61: 114 | R61: G | S61: G | T61: Done | U61: Done | V61: =IF(AND(ISNUMBER(L61),COUNTIF([1]Songs!$L:$L,L61)>0),"YES","") -> YES | W61: =IF(AND(ISNUMBER(L61),COUNTIF([2]Songs!$J:$J,L61)>0),"YES","") -> #VALUE! | X61: =IF(AND(ISNUMBER(L61),COUNTIF([3]CcliCombined!$D:$D,L61)>0),"YES","") -> #VALUE! | Y61: =IF(AND(ISNUMBER(L61),COUNTIF([4]Songs!$H:$H,L61)>0),"YES","") -> #VALUE! | Z61: S&S | AB61: 60 | AD61: =I61 &IF(H61=I61,""," "&H61) &IF(OR(R61=I61,R61=H61),""," "&R61) &IF(R61=S61,""," "&S61) -> G
A62: =INDEX(Albums!$A:$A, MATCH(C62,Albums!$C:$C,0)) -> 1 | B62: =INDEX(Albums!$B:$B, MATCH(C62,Albums!$C:$C,0)) -> 2014 | C62: The Worship Initiative, Vol. 07 | D62: 1 | E62: You're Beautiful | G62: Phil Wickham | H62: D | I62: Eb | J62: 80 | K62: 4/4 | L62: 5124024 | M62: 2007 | N62: Phil Wickham Music | O62: Main | P62: Phil Wickham | Q62: 80 | R62: Eb | S62: D | T62: Done | U62: Done | V62: =IF(AND(ISNUMBER(L62),COUNTIF([1]Songs!$L:$L,L62)>0),"YES","") | W62: =IF(AND(ISNUMBER(L62),COUNTIF([2]Songs!$J:$J,L62)>0),"YES","") -> #VALUE! | X62: =IF(AND(ISNUMBER(L62),COUNTIF([3]CcliCombined!$D:$D,L62)>0),"YES","") -> #VALUE! | Y62: =IF(AND(ISNUMBER(L62),COUNTIF([4]Songs!$H:$H,L62)>0),"YES","") -> #VALUE! | Z62: S&S | AB62: 61 | AD62: =I62 &IF(H62=I62,""," "&H62) &IF(OR(R62=I62,R62=H62),""," "&R62) &IF(R62=S62,""," "&S62) -> Eb D D
A63: =INDEX(Albums!$A:$A, MATCH(C63,Albums!$C:$C,0)) -> 1 | B63: =INDEX(Albums!$B:$B, MATCH(C63,Albums!$C:$C,0)) -> 2014 | C63: The Worship Initiative, Vol. 07 | D63: 2 | E63: Hosanna | G63: Brooke Ligertwood | H63: E | I63: E | J63: 75 | K63: 4/4 | L63: 4785835 | M63: 2006 | N63: Hillsong Music Publishing Australia | O63: Main | P63: Hillsong | Q63: 73.5 | R63: E | S63: E | T63: Done | U63: Done | V63: =IF(AND(ISNUMBER(L63),COUNTIF([1]Songs!$L:$L,L63)>0),"YES","") -> YES | W63: =IF(AND(ISNUMBER(L63),COUNTIF([2]Songs!$J:$J,L63)>0),"YES","") -> #VALUE! | X63: =IF(AND(ISNUMBER(L63),COUNTIF([3]CcliCombined!$D:$D,L63)>0),"YES","") -> #VALUE! | Y63: =IF(AND(ISNUMBER(L63),COUNTIF([4]Songs!$H:$H,L63)>0),"YES","") -> #VALUE! | Z63: S&S | AB63: 62 | AD63: =I63 &IF(H63=I63,""," "&H63) &IF(OR(R63=I63,R63=H63),""," "&R63) &IF(R63=S63,""," "&S63) -> E
A64: =INDEX(Albums!$A:$A, MATCH(C64,Albums!$C:$C,0)) -> 1 | B64: =INDEX(Albums!$B:$B, MATCH(C64,Albums!$C:$C,0)) -> 2014 | C64: The Worship Initiative, Vol. 07 | D64: 3 | E64: Mighty to Save | G64: Ben Fielding, Reuben Morgan | H64: A | I64: A | J64: 74 | K64: 4/4 | L64: 4591782 | M64: 2006 | N64: Hillsong Music Publishing Australia | O64: Main | P64: Hillsong | Q64: 75 | R64: C | S64: C | T64: Done | U64: Done | V64: =IF(AND(ISNUMBER(L64),COUNTIF([1]Songs!$L:$L,L64)>0),"YES","") -> YES | W64: =IF(AND(ISNUMBER(L64),COUNTIF([2]Songs!$J:$J,L64)>0),"YES","") -> #VALUE! | X64: =IF(AND(ISNUMBER(L64),COUNTIF([3]CcliCombined!$D:$D,L64)>0),"YES","") -> #VALUE! | Y64: =IF(AND(ISNUMBER(L64),COUNTIF([4]Songs!$H:$H,L64)>0),"YES","") -> #VALUE! | Z64: S&S | AB64: 63 | AD64: =I64 &IF(H64=I64,""," "&H64) &IF(OR(R64=I64,R64=H64),""," "&R64) &IF(R64=S64,""," "&S64) -> A C
A65: =INDEX(Albums!$A:$A, MATCH(C65,Albums!$C:$C,0)) -> 1 | B65: =INDEX(Albums!$B:$B, MATCH(C65,Albums!$C:$C,0)) -> 2014 | C65: The Worship Initiative, Vol. 07 | D65: 4 | E65: Glorify Thy Name | G65: Donna Adkins | I65: Bb | J65: 80 | K65: 4/4 | L65: 1383 | M65: 1976 | N65: CCCM Music | O65: Main | P65: The Maranatha! Singers | Q65: 68 | R65: C | S65: C | U65: Done | V65: =IF(AND(ISNUMBER(L65),COUNTIF([1]Songs!$L:$L,L65)>0),"YES","") | W65: =IF(AND(ISNUMBER(L65),COUNTIF([2]Songs!$J:$J,L65)>0),"YES","") -> #VALUE! | X65: =IF(AND(ISNUMBER(L65),COUNTIF([3]CcliCombined!$D:$D,L65)>0),"YES","") -> #VALUE! | Y65: =IF(AND(ISNUMBER(L65),COUNTIF([4]Songs!$H:$H,L65)>0),"YES","") -> #VALUE! | Z65: S&S | AB65: 64 | AD65: =I65 &IF(H65=I65,""," "&H65) &IF(OR(R65=I65,R65=H65),""," "&R65) &IF(R65=S65,""," "&S65) -> Bb C
A66: =INDEX(Albums!$A:$A, MATCH(C66,Albums!$C:$C,0)) -> 1 | B66: =INDEX(Albums!$B:$B, MATCH(C66,Albums!$C:$C,0)) -> 2014 | C66: The Worship Initiative, Vol. 07 | D66: 5 | E66: Desert Song | G66: Brooke Ligertwood | I66: D | J66: 120 | K66: 4/4 | L66: 5060793 | M66: 2008 | N66: Hillsong Music Publishing Australia | O66: Main | P66: Hillsong | Q66: 109 | R66: G | S66: G | U66: Done | V66: =IF(AND(ISNUMBER(L66),COUNTIF([1]Songs!$L:$L,L66)>0),"YES","") | W66: =IF(AND(ISNUMBER(L66),COUNTIF([2]Songs!$J:$J,L66)>0),"YES","") -> #VALUE! | X66: =IF(AND(ISNUMBER(L66),COUNTIF([3]CcliCombined!$D:$D,L66)>0),"YES","") -> #VALUE! | Y66: =IF(AND(ISNUMBER(L66),COUNTIF([4]Songs!$H:$H,L66)>0),"YES","") -> #VALUE! | Z66: S&S | AB66: 65 | AD66: =I66 &IF(H66=I66,""," "&H66) &IF(OR(R66=I66,R66=H66),""," "&R66) &IF(R66=S66,""," "&S66) -> D G
A67: =INDEX(Albums!$A:$A, MATCH(C67,Albums!$C:$C,0)) -> 1 | B67: =INDEX(Albums!$B:$B, MATCH(C67,Albums!$C:$C,0)) -> 2014 | C67: The Worship Initiative, Vol. 07 | D67: 6 | E67: Holy and Anointed One | G67: John Barnett | I67: E | J67: 75 | K67: 4/4 | L67: 164361 | M67: 1988 | N67: Mercy / Vineyard Publishing | O67: Main | P67: Brian Doerksen | Q67: 65 | R67: G | S67: G | U67: Done | V67: =IF(AND(ISNUMBER(L67),COUNTIF([1]Songs!$L:$L,L67)>0),"YES","") | W67: =IF(AND(ISNUMBER(L67),COUNTIF([2]Songs!$J:$J,L67)>0),"YES","") -> #VALUE! | X67: =IF(AND(ISNUMBER(L67),COUNTIF([3]CcliCombined!$D:$D,L67)>0),"YES","") -> #VALUE! | Y67: =IF(AND(ISNUMBER(L67),COUNTIF([4]Songs!$H:$H,L67)>0),"YES","") -> #VALUE! | Z67: S&S | AB67: 66 | AD67: =I67 &IF(H67=I67,""," "&H67) &IF(OR(R67=I67,R67=H67),""," "&R67) &IF(R67=S67,""," "&S67) -> E G
A68: =INDEX(Albums!$A:$A, MATCH(C68,Albums!$C:$C,0)) -> 1 | B68: =INDEX(Albums!$B:$B, MATCH(C68,Albums!$C:$C,0)) -> 2014 | C68: The Worship Initiative, Vol. 07 | D68: 7 | E68: Where Would I Be | G68: Jason Ingram, Patrick Ryan Clark | I68: C | J68: 136 | K68: 4/4 | L68: 5710744 | M68: 2010 | N68: So Essential Tunes | O68: Main | P68: Patrick Ryan Clark | Q68: 65 | R68: A | S68: A | U68: Done | V68: =IF(AND(ISNUMBER(L68),COUNTIF([1]Songs!$L:$L,L68)>0),"YES","") | W68: =IF(AND(ISNUMBER(L68),COUNTIF([2]Songs!$J:$J,L68)>0),"YES","") -> #VALUE! | X68: =IF(AND(ISNUMBER(L68),COUNTIF([3]CcliCombined!$D:$D,L68)>0),"YES","") -> #VALUE! | Y68: =IF(AND(ISNUMBER(L68),COUNTIF([4]Songs!$H:$H,L68)>0),"YES","") -> #VALUE! | Z68: S&S | AB68: 67 | AD68: =I68 &IF(H68=I68,""," "&H68) &IF(OR(R68=I68,R68=H68),""," "&R68) &IF(R68=S68,""," "&S68) -> C A
A69: =INDEX(Albums!$A:$A, MATCH(C69,Albums!$C:$C,0)) -> 1 | B69: =INDEX(Albums!$B:$B, MATCH(C69,Albums!$C:$C,0)) -> 2014 | C69: The Worship Initiative, Vol. 07 | D69: 8 | E69: Everything is Different | G69: Shane Barnard | L69: 5627758 | M69: 2009 | N69: River Oaks Music Company | P69: Shane & Shane | Q69: 124 | R69: Ab | S69: G | V69: =IF(AND(ISNUMBER(L69),COUNTIF([1]Songs!$L:$L,L69)>0),"YES","") | W69: =IF(AND(ISNUMBER(L69),COUNTIF([2]Songs!$J:$J,L69)>0),"YES","") -> #VALUE! | X69: =IF(AND(ISNUMBER(L69),COUNTIF([3]CcliCombined!$D:$D,L69)>0),"YES","") -> #VALUE! | Y69: =IF(AND(ISNUMBER(L69),COUNTIF([4]Songs!$H:$H,L69)>0),"YES","") -> #VALUE! | Z69: S&S | AA69: YES | AB69: 68 | AC69: Lyrics Only | AD69: =I69 &IF(H69=I69,""," "&H69) &IF(OR(R69=I69,R69=H69),""," "&R69) &IF(R69=S69,""," "&S69) -> Ab G | AF69: Exclude
A70: =INDEX(Albums!$A:$A, MATCH(C70,Albums!$C:$C,0)) -> 1 | B70: =INDEX(Albums!$B:$B, MATCH(C70,Albums!$C:$C,0)) -> 2014 | C70: The Worship Initiative, Vol. 07 | D70: 9 | E70: Everlasting God | G70: Brenton Brown, Ken Riley | H70: A | I70: Bb | J70: 100 | K70: 4/4 | L70: 4556538 | M70: 2005 | N70: Thankyou Music | O70: Main | P70: Brenton Brown | Q70: 113 | R70: B | S70: B | U70: Done | V70: =IF(AND(ISNUMBER(L70),COUNTIF([1]Songs!$L:$L,L70)>0),"YES","") -> YES | W70: =IF(AND(ISNUMBER(L70),COUNTIF([2]Songs!$J:$J,L70)>0),"YES","") -> #VALUE! | X70: =IF(AND(ISNUMBER(L70),COUNTIF([3]CcliCombined!$D:$D,L70)>0),"YES","") -> #VALUE! | Y70: =IF(AND(ISNUMBER(L70),COUNTIF([4]Songs!$H:$H,L70)>0),"YES","") -> #VALUE! | Z70: S&S | AB70: 69 | AD70: =I70 &IF(H70=I70,""," "&H70) &IF(OR(R70=I70,R70=H70),""," "&R70) &IF(R70=S70,""," "&S70) -> Bb A B
A71: =INDEX(Albums!$A:$A, MATCH(C71,Albums!$C:$C,0)) -> 1 | B71: =INDEX(Albums!$B:$B, MATCH(C71,Albums!$C:$C,0)) -> 2014 | C71: The Worship Initiative, Vol. 07 | D71: 10 | E71: I Will Exalt You | G71: Brooke Ligertwood | I71: B | J71: 75 | K71: 4/4 | L71: 5409079 | M71: 2009 | N71: Hillsong Music Publishing Australia | O71: Main | P71: Hillsong | Q71: 68 | R71: B | S71: B | U71: Done | V71: =IF(AND(ISNUMBER(L71),COUNTIF([1]Songs!$L:$L,L71)>0),"YES","") | W71: =IF(AND(ISNUMBER(L71),COUNTIF([2]Songs!$J:$J,L71)>0),"YES","") -> #VALUE! | X71: =IF(AND(ISNUMBER(L71),COUNTIF([3]CcliCombined!$D:$D,L71)>0),"YES","") -> #VALUE! | Y71: =IF(AND(ISNUMBER(L71),COUNTIF([4]Songs!$H:$H,L71)>0),"YES","") -> #VALUE! | Z71: S&S | AB71: 70 | AD71: =I71 &IF(H71=I71,""," "&H71) &IF(OR(R71=I71,R71=H71),""," "&R71) &IF(R71=S71,""," "&S71) -> B
A72: =INDEX(Albums!$A:$A, MATCH(C72,Albums!$C:$C,0)) -> 1 | B72: =INDEX(Albums!$B:$B, MATCH(C72,Albums!$C:$C,0)) -> 2014 | C72: The Worship Initiative, Vol. 08 | D72: 1 | E72: The Stand | G72: Joel Houston | H72: A | I72: A | J72: 77 | K72: 4/4 | L72: 4705248 | M72: 2005 | N72: Hillsong Music Publishing Australia | O72: Main | P72: Hillsong | Q72: 74 | R72: B | S72: B | U72: Done | V72: =IF(AND(ISNUMBER(L72),COUNTIF([1]Songs!$L:$L,L72)>0),"YES","") -> YES | W72: =IF(AND(ISNUMBER(L72),COUNTIF([2]Songs!$J:$J,L72)>0),"YES","") -> #VALUE! | X72: =IF(AND(ISNUMBER(L72),COUNTIF([3]CcliCombined!$D:$D,L72)>0),"YES","") -> #VALUE! | Y72: =IF(AND(ISNUMBER(L72),COUNTIF([4]Songs!$H:$H,L72)>0),"YES","") -> #VALUE! | Z72: S&S | AB72: 71 | AD72: =I72 &IF(H72=I72,""," "&H72) &IF(OR(R72=I72,R72=H72),""," "&R72) &IF(R72=S72,""," "&S72) -> A B
A73: =INDEX(Albums!$A:$A, MATCH(C73,Albums!$C:$C,0)) -> 1 | B73: =INDEX(Albums!$B:$B, MATCH(C73,Albums!$C:$C,0)) -> 2014 | C73: The Worship Initiative, Vol. 08 | D73: 2 | E73: Indescribable | G73: Jesse Reeves, Laura Story | H73: G | I73: Bb | J73: 60 | K73: 6/8 | L73: 4403076 | M73: 2004 | N73: Laura Stories | O73: Main | P73: Chris Tomlin | Q73: 90 | R73: B | S73: B | U73: Done | V73: =IF(AND(ISNUMBER(L73),COUNTIF([1]Songs!$L:$L,L73)>0),"YES","") -> YES | W73: =IF(AND(ISNUMBER(L73),COUNTIF([2]Songs!$J:$J,L73)>0),"YES","") -> #VALUE! | X73: =IF(AND(ISNUMBER(L73),COUNTIF([3]CcliCombined!$D:$D,L73)>0),"YES","") -> #VALUE! | Y73: =IF(AND(ISNUMBER(L73),COUNTIF([4]Songs!$H:$H,L73)>0),"YES","") -> #VALUE! | Z73: S&S | AB73: 72 | AD73: =I73 &IF(H73=I73,""," "&H73) &IF(OR(R73=I73,R73=H73),""," "&R73) &IF(R73=S73,""," "&S73) -> Bb G B
A74: =INDEX(Albums!$A:$A, MATCH(C74,Albums!$C:$C,0)) -> 1 | B74: =INDEX(Albums!$B:$B, MATCH(C74,Albums!$C:$C,0)) -> 2014 | C74: The Worship Initiative, Vol. 08 | D74: 3 | E74: I Give You My Heart | G74: Reuben Morgan | I74: G | J74: 76 | K74: 4/4 | L74: 1866132 | M74: 1995 | N74: Hillsong Music Publishing Australia | O74: Main | P74: Hillsong | Q74: 70 | R74: B | S74: B | U74: Done | V74: =IF(AND(ISNUMBER(L74),COUNTIF([1]Songs!$L:$L,L74)>0),"YES","") | W74: =IF(AND(ISNUMBER(L74),COUNTIF([2]Songs!$J:$J,L74)>0),"YES","") -> #VALUE! | X74: =IF(AND(ISNUMBER(L74),COUNTIF([3]CcliCombined!$D:$D,L74)>0),"YES","") -> #VALUE! | Y74: =IF(AND(ISNUMBER(L74),COUNTIF([4]Songs!$H:$H,L74)>0),"YES","") -> #VALUE! | Z74: S&S | AB74: 73 | AD74: =I74 &IF(H74=I74,""," "&H74) &IF(OR(R74=I74,R74=H74),""," "&R74) &IF(R74=S74,""," "&S74) -> G B
A75: =INDEX(Albums!$A:$A, MATCH(C75,Albums!$C:$C,0)) -> 1 | B75: =INDEX(Albums!$B:$B, MATCH(C75,Albums!$C:$C,0)) -> 2014 | C75: The Worship Initiative, Vol. 08 | D75: 4 | E75: Nothing But The Blood | G75: Matt Redman | I75: B | J75: 80 | K75: 4/4 | L75: 4329411 | M75: 2004 | N75: Thankyou Music | O75: Main | P75: Matt Redman | Q75: 77 | R75: C | S75: C | U75: Done | V75: =IF(AND(ISNUMBER(L75),COUNTIF([1]Songs!$L:$L,L75)>0),"YES","") | W75: =IF(AND(ISNUMBER(L75),COUNTIF([2]Songs!$J:$J,L75)>0),"YES","") -> #VALUE! | X75: =IF(AND(ISNUMBER(L75),COUNTIF([3]CcliCombined!$D:$D,L75)>0),"YES","") -> #VALUE! | Y75: =IF(AND(ISNUMBER(L75),COUNTIF([4]Songs!$H:$H,L75)>0),"YES","") -> #VALUE! | Z75: S&S | AB75: 74 | AD75: =I75 &IF(H75=I75,""," "&H75) &IF(OR(R75=I75,R75=H75),""," "&R75) &IF(R75=S75,""," "&S75) -> B C
A76: =INDEX(Albums!$A:$A, MATCH(C76,Albums!$C:$C,0)) -> 1 | B76: =INDEX(Albums!$B:$B, MATCH(C76,Albums!$C:$C,0)) -> 2014 | C76: The Worship Initiative, Vol. 08 | D76: 5 | E76: No Sweeter Name | G76: Kari Jobe | I76: G | J76: 55 | K76: 6/8 | L76: 4447984 | M76: 2004 | N76: Gateway Create Publishing | O76: Main | P76: Kari Jobe | Q76: 81 | R76: C | S76: C | U76: Done | V76: =IF(AND(ISNUMBER(L76),COUNTIF([1]Songs!$L:$L,L76)>0),"YES","") | W76: =IF(AND(ISNUMBER(L76),COUNTIF([2]Songs!$J:$J,L76)>0),"YES","") -> #VALUE! | X76: =IF(AND(ISNUMBER(L76),COUNTIF([3]CcliCombined!$D:$D,L76)>0),"YES","") -> #VALUE! | Y76: =IF(AND(ISNUMBER(L76),COUNTIF([4]Songs!$H:$H,L76)>0),"YES","") -> #VALUE! | Z76: S&S | AB76: 75 | AD76: =I76 &IF(H76=I76,""," "&H76) &IF(OR(R76=I76,R76=H76),""," "&R76) &IF(R76=S76,""," "&S76) -> G C
A77: =INDEX(Albums!$A:$A, MATCH(C77,Albums!$C:$C,0)) -> 1 | B77: =INDEX(Albums!$B:$B, MATCH(C77,Albums!$C:$C,0)) -> 2014 | C77: The Worship Initiative, Vol. 08 | D77: 6 | E77: You Never Let Go | G77: Beth Redman, Matt Redman | I77: B | J77: 76 | K77: 4/4 | L77: 4674166 | M77: 2005 | N77: Thankyou Music | O77: Main | P77: Matt Redman | Q77: 80 | R77: C | S77: C | U77: Done | V77: =IF(AND(ISNUMBER(L77),COUNTIF([1]Songs!$L:$L,L77)>0),"YES","") | W77: =IF(AND(ISNUMBER(L77),COUNTIF([2]Songs!$J:$J,L77)>0),"YES","") -> #VALUE! | X77: =IF(AND(ISNUMBER(L77),COUNTIF([3]CcliCombined!$D:$D,L77)>0),"YES","") -> #VALUE! | Y77: =IF(AND(ISNUMBER(L77),COUNTIF([4]Songs!$H:$H,L77)>0),"YES","") -> #VALUE! | Z77: S&S | AB77: 76 | AD77: =I77 &IF(H77=I77,""," "&H77) &IF(OR(R77=I77,R77=H77),""," "&R77) &IF(R77=S77,""," "&S77) -> B C
A78: =INDEX(Albums!$A:$A, MATCH(C78,Albums!$C:$C,0)) -> 1 | B78: =INDEX(Albums!$B:$B, MATCH(C78,Albums!$C:$C,0)) -> 2014 | C78: The Worship Initiative, Vol. 08 | D78: 7 | E78: Enough | G78: Chris Tomlin, Louie Giglio | I78: A | J78: 77 | K78: 4/4 | L78: 3599479 | M78: 2002 | N78: sixsteps Music | O78: Main | P78: Chris Tomlin | Q78: 75 | R78: G | S78: G | U78: Done | V78: =IF(AND(ISNUMBER(L78),COUNTIF([1]Songs!$L:$L,L78)>0),"YES","") | W78: =IF(AND(ISNUMBER(L78),COUNTIF([2]Songs!$J:$J,L78)>0),"YES","") -> #VALUE! | X78: =IF(AND(ISNUMBER(L78),COUNTIF([3]CcliCombined!$D:$D,L78)>0),"YES","") -> #VALUE! | Y78: =IF(AND(ISNUMBER(L78),COUNTIF([4]Songs!$H:$H,L78)>0),"YES","") -> #VALUE! | Z78: S&S | AB78: 77 | AD78: =I78 &IF(H78=I78,""," "&H78) &IF(OR(R78=I78,R78=H78),""," "&R78) &IF(R78=S78,""," "&S78) -> A G
A79: =INDEX(Albums!$A:$A, MATCH(C79,Albums!$C:$C,0)) -> 1 | B79: =INDEX(Albums!$B:$B, MATCH(C79,Albums!$C:$C,0)) -> 2014 | C79: The Worship Initiative, Vol. 08 | D79: 8 | E79: Amazing Grace | F79: My Chains Are Gone | G79: Chris Tomlin, John Newton | H79: F | I79: F | J79: 60 | K79: 4/4 | L79: 4768151 | M79: 2006 | N79: sixsteps Music | O79: Main | P79: Chris Tomlin | Q79: 63 | R79: G | S79: G | U79: Done | V79: =IF(AND(ISNUMBER(L79),COUNTIF([1]Songs!$L:$L,L79)>0),"YES","") -> YES | W79: =IF(AND(ISNUMBER(L79),COUNTIF([2]Songs!$J:$J,L79)>0),"YES","") -> #VALUE! | X79: =IF(AND(ISNUMBER(L79),COUNTIF([3]CcliCombined!$D:$D,L79)>0),"YES","") -> #VALUE! | Y79: =IF(AND(ISNUMBER(L79),COUNTIF([4]Songs!$H:$H,L79)>0),"YES","") -> #VALUE! | Z79: S&S | AB79: 78 | AD79: =I79 &IF(H79=I79,""," "&H79) &IF(OR(R79=I79,R79=H79),""," "&R79) &IF(R79=S79,""," "&S79) -> F G
A80: =INDEX(Albums!$A:$A, MATCH(C80,Albums!$C:$C,0)) -> 1 | B80: =INDEX(Albums!$B:$B, MATCH(C80,Albums!$C:$C,0)) -> 2014 | C80: The Worship Initiative, Vol. 08 | D80: 9 | E80: Alive Again | G80: Matt Maher, Jason Ingram | I80: Bb | J80: 120 | K80: 4/4 | L80: 5553530 | M80: 2009 | N80: Thankyou Music | O80: Main | P80: Matt Maher | Q80: 120 | R80: A | S80: A | U80: Done | V80: =IF(AND(ISNUMBER(L80),COUNTIF([1]Songs!$L:$L,L80)>0),"YES","") | W80: =IF(AND(ISNUMBER(L80),COUNTIF([2]Songs!$J:$J,L80)>0),"YES","") -> #VALUE! | X80: =IF(AND(ISNUMBER(L80),COUNTIF([3]CcliCombined!$D:$D,L80)>0),"YES","") -> #VALUE! | Y80: =IF(AND(ISNUMBER(L80),COUNTIF([4]Songs!$H:$H,L80)>0),"YES","") -> #VALUE! | Z80: S&S | AB80: 79 | AD80: =I80 &IF(H80=I80,""," "&H80) &IF(OR(R80=I80,R80=H80),""," "&R80) &IF(R80=S80,""," "&S80) -> Bb A
A81: =INDEX(Albums!$A:$A, MATCH(C81,Albums!$C:$C,0)) -> 1 | B81: =INDEX(Albums!$B:$B, MATCH(C81,Albums!$C:$C,0)) -> 2014 | C81: The Worship Initiative, Vol. 08 | D81: 10 | E81: Yearn | G81: Shane Barnard | I81: A | J81: 58 | K81: 2/2 | L81: 4325556 | M81: 2004 | N81: River Oaks Music Company | O81: Main | P81: Shane & Shane | Q81: 58 | R81: F# | S81: F | U81: Done | V81: =IF(AND(ISNUMBER(L81),COUNTIF([1]Songs!$L:$L,L81)>0),"YES","") | W81: =IF(AND(ISNUMBER(L81),COUNTIF([2]Songs!$J:$J,L81)>0),"YES","") -> #VALUE! | X81: =IF(AND(ISNUMBER(L81),COUNTIF([3]CcliCombined!$D:$D,L81)>0),"YES","") -> #VALUE! | Y81: =IF(AND(ISNUMBER(L81),COUNTIF([4]Songs!$H:$H,L81)>0),"YES","") -> #VALUE! | Z81: S&S | AA81: YES | AB81: 80 | AD81: =I81 &IF(H81=I81,""," "&H81) &IF(OR(R81=I81,R81=H81),""," "&R81) &IF(R81=S81,""," "&S81) -> A F# F
A82: =INDEX(Albums!$A:$A, MATCH(C82,Albums!$C:$C,0)) -> 1 | B82: =INDEX(Albums!$B:$B, MATCH(C82,Albums!$C:$C,0)) -> 2014 | C82: The Worship Initiative, Vol. 09 | D82: 1 | E82: Your Love Is Strong | G82: Jon Foreman | I82: B | K82: 4/4 | L82: 5295221 | M82: 2008 | N82: Rubadub Rublishing Publishing | O82: Main | P82: Jon Foreman | Q82: 110 | R82: B | S82: B | U82: Done | V82: =IF(AND(ISNUMBER(L82),COUNTIF([1]Songs!$L:$L,L82)>0),"YES","") | W82: =IF(AND(ISNUMBER(L82),COUNTIF([2]Songs!$J:$J,L82)>0),"YES","") -> #VALUE! | X82: =IF(AND(ISNUMBER(L82),COUNTIF([3]CcliCombined!$D:$D,L82)>0),"YES","") -> #VALUE! | Y82: =IF(AND(ISNUMBER(L82),COUNTIF([4]Songs!$H:$H,L82)>0),"YES","") -> #VALUE! | Z82: S&S | AB82: 81 | AD82: =I82 &IF(H82=I82,""," "&H82) &IF(OR(R82=I82,R82=H82),""," "&R82) &IF(R82=S82,""," "&S82) -> B
A83: =INDEX(Albums!$A:$A, MATCH(C83,Albums!$C:$C,0)) -> 1 | B83: =INDEX(Albums!$B:$B, MATCH(C83,Albums!$C:$C,0)) -> 2014 | C83: The Worship Initiative, Vol. 09 | D83: 2 | E83: I'm Yours | F83: Nothing But The Blood | G83: Robert Lowry, Shane Barnard | L83: 7029516 | M83: 2013 | N83: Wellhouse | P83: Shane & Shane | Q83: 58 | R83: B | S83: B | V83: =IF(AND(ISNUMBER(L83),COUNTIF([1]Songs!$L:$L,L83)>0),"YES","") | W83: =IF(AND(ISNUMBER(L83),COUNTIF([2]Songs!$J:$J,L83)>0),"YES","") -> #VALUE! | X83: =IF(AND(ISNUMBER(L83),COUNTIF([3]CcliCombined!$D:$D,L83)>0),"YES","") -> #VALUE! | Y83: =IF(AND(ISNUMBER(L83),COUNTIF([4]Songs!$H:$H,L83)>0),"YES","") -> #VALUE! | Z83: S&S | AA83: YES | AB83: 82 | AC83: Lyrics Only | AD83: =I83 &IF(H83=I83,""," "&H83) &IF(OR(R83=I83,R83=H83),""," "&R83) &IF(R83=S83,""," "&S83) -> B | AF83: Exclude
A84: =INDEX(Albums!$A:$A, MATCH(C84,Albums!$C:$C,0)) -> 1 | B84: =INDEX(Albums!$B:$B, MATCH(C84,Albums!$C:$C,0)) -> 2014 | C84: The Worship Initiative, Vol. 09 | D84: 3 | E84: Heart of Worship | G84: Matt Redman | H84: D | I84: D | J84: 70 | K84: 4/4 | L84: 2296522 | M84: 1999 | N84: Thankyou Music | O84: Main | P84: Matt Redman | Q84: 67 | R84: G | S84: G | U84: Done | V84: =IF(AND(ISNUMBER(L84),COUNTIF([1]Songs!$L:$L,L84)>0),"YES","") -> YES | W84: =IF(AND(ISNUMBER(L84),COUNTIF([2]Songs!$J:$J,L84)>0),"YES","") -> #VALUE! | X84: =IF(AND(ISNUMBER(L84),COUNTIF([3]CcliCombined!$D:$D,L84)>0),"YES","") -> #VALUE! | Y84: =IF(AND(ISNUMBER(L84),COUNTIF([4]Songs!$H:$H,L84)>0),"YES","") -> #VALUE! | Z84: S&S | AB84: 83 | AD84: =I84 &IF(H84=I84,""," "&H84) &IF(OR(R84=I84,R84=H84),""," "&R84) &IF(R84=S84,""," "&S84) -> D G
A85: =INDEX(Albums!$A:$A, MATCH(C85,Albums!$C:$C,0)) -> 1 | B85: =INDEX(Albums!$B:$B, MATCH(C85,Albums!$C:$C,0)) -> 2014 | C85: The Worship Initiative, Vol. 09 | D85: 4 | E85: From The Inside Out | G85: Joel Houston | H85: C | I85: C | J85: 76 | K85: 4/4 | L85: 4705176 | M85: 2005 | N85: Hillsong Music Publishing Australia | O85: Main | P85: Hillsong | Q85: 71 | R85: C | S85: C | U85: Done | V85: =IF(AND(ISNUMBER(L85),COUNTIF([1]Songs!$L:$L,L85)>0),"YES","") -> YES | W85: =IF(AND(ISNUMBER(L85),COUNTIF([2]Songs!$J:$J,L85)>0),"YES","") -> #VALUE! | X85: =IF(AND(ISNUMBER(L85),COUNTIF([3]CcliCombined!$D:$D,L85)>0),"YES","") -> #VALUE! | Y85: =IF(AND(ISNUMBER(L85),COUNTIF([4]Songs!$H:$H,L85)>0),"YES","") -> #VALUE! | Z85: S&S | AB85: 84 | AD85: =I85 &IF(H85=I85,""," "&H85) &IF(OR(R85=I85,R85=H85),""," "&R85) &IF(R85=S85,""," "&S85) -> C
A86: =INDEX(Albums!$A:$A, MATCH(C86,Albums!$C:$C,0)) -> 1 | B86: =INDEX(Albums!$B:$B, MATCH(C86,Albums!$C:$C,0)) -> 2014 | C86: The Worship Initiative, Vol. 09 | D86: 5 | E86: Stronger | G86: Ben Fielding, Reuben Morgan | H86: C | I86: C | J86: 75 | K86: 3/4 | L86: 5060810 | M86: 2007 | N86: Hillsong Music Publishing Australia | O86: Main | P86: Hillsong | Q86: 68 | R86: C | S86: C | U86: Done | V86: =IF(AND(ISNUMBER(L86),COUNTIF([1]Songs!$L:$L,L86)>0),"YES","") -> YES | W86: =IF(AND(ISNUMBER(L86),COUNTIF([2]Songs!$J:$J,L86)>0),"YES","") -> #VALUE! | X86: =IF(AND(ISNUMBER(L86),COUNTIF([3]CcliCombined!$D:$D,L86)>0),"YES","") -> #VALUE! | Y86: =IF(AND(ISNUMBER(L86),COUNTIF([4]Songs!$H:$H,L86)>0),"YES","") -> #VALUE! | Z86: S&S | AB86: 85 | AD86: =I86 &IF(H86=I86,""," "&H86) &IF(OR(R86=I86,R86=H86),""," "&R86) &IF(R86=S86,""," "&S86) -> C
A87: =INDEX(Albums!$A:$A, MATCH(C87,Albums!$C:$C,0)) -> 1 | B87: =INDEX(Albums!$B:$B, MATCH(C87,Albums!$C:$C,0)) -> 2014 | C87: The Worship Initiative, Vol. 09 | D87: 6 | E87: That's How You Forgive | G87: Shane Barnard | I87: D | J87: 80 | K87: 4/4 | L87: 6590839 | M87: 2013 | N87: River Oaks Music Company | O87: Main | P87: Shane & Shane | Q87: 78 | R87: C | S87: C | U87: Done | V87: =IF(AND(ISNUMBER(L87),COUNTIF([1]Songs!$L:$L,L87)>0),"YES","") | W87: =IF(AND(ISNUMBER(L87),COUNTIF([2]Songs!$J:$J,L87)>0),"YES","") -> #VALUE! | X87: =IF(AND(ISNUMBER(L87),COUNTIF([3]CcliCombined!$D:$D,L87)>0),"YES","") -> #VALUE! | Y87: =IF(AND(ISNUMBER(L87),COUNTIF([4]Songs!$H:$H,L87)>0),"YES","") -> #VALUE! | Z87: S&S | AA87: YES | AB87: 86 | AD87: =I87 &IF(H87=I87,""," "&H87) &IF(OR(R87=I87,R87=H87),""," "&R87) &IF(R87=S87,""," "&S87) -> D C
A88: =INDEX(Albums!$A:$A, MATCH(C88,Albums!$C:$C,0)) -> 1 | B88: =INDEX(Albums!$B:$B, MATCH(C88,Albums!$C:$C,0)) -> 2014 | C88: The Worship Initiative, Vol. 09 | D88: 7 | E88: Christ Is Risen | G88: Matt Maher, Mia Fieldes | I88: Gb | J88: 81 | K88: 4/4 | L88: 5242683 | M88: 2009 | N88: Thankyou Music | O88: Main | P88: Matt Maher | Q88: 83 | R88: E | S88: E | U88: Done | V88: =IF(AND(ISNUMBER(L88),COUNTIF([1]Songs!$L:$L,L88)>0),"YES","") | W88: =IF(AND(ISNUMBER(L88),COUNTIF([2]Songs!$J:$J,L88)>0),"YES","") -> #VALUE! | X88: =IF(AND(ISNUMBER(L88),COUNTIF([3]CcliCombined!$D:$D,L88)>0),"YES","") -> #VALUE! | Y88: =IF(AND(ISNUMBER(L88),COUNTIF([4]Songs!$H:$H,L88)>0),"YES","") -> #VALUE! | Z88: S&S | AB88: 87 | AD88: =I88 &IF(H88=I88,""," "&H88) &IF(OR(R88=I88,R88=H88),""," "&R88) &IF(R88=S88,""," "&S88) -> Gb E
A89: =INDEX(Albums!$A:$A, MATCH(C89,Albums!$C:$C,0)) -> 1 | B89: =INDEX(Albums!$B:$B, MATCH(C89,Albums!$C:$C,0)) -> 2014 | C89: The Worship Initiative, Vol. 09 | D89: 8 | E89: He is Exalted | G89: Twila Paris | I89: F | K89: 6/8 | L89: 17827 | M89: 1985 | N89: Mountain Spring Music | O89: Main | P89: Twila Paris | Q89: 71 | R89: G | S89: G | U89: Done | V89: =IF(AND(ISNUMBER(L89),COUNTIF([1]Songs!$L:$L,L89)>0),"YES","") | W89: =IF(AND(ISNUMBER(L89),COUNTIF([2]Songs!$J:$J,L89)>0),"YES","") -> #VALUE! | X89: =IF(AND(ISNUMBER(L89),COUNTIF([3]CcliCombined!$D:$D,L89)>0),"YES","") -> #VALUE! | Y89: =IF(AND(ISNUMBER(L89),COUNTIF([4]Songs!$H:$H,L89)>0),"YES","") -> #VALUE! | Z89: S&S | AB89: 88 | AD89: =I89 &IF(H89=I89,""," "&H89) &IF(OR(R89=I89,R89=H89),""," "&R89) &IF(R89=S89,""," "&S89) -> F G
A90: =INDEX(Albums!$A:$A, MATCH(C90,Albums!$C:$C,0)) -> 1 | B90: =INDEX(Albums!$B:$B, MATCH(C90,Albums!$C:$C,0)) -> 2014 | C90: The Worship Initiative, Vol. 09 | D90: 9 | E90: When the Stars Burn Down | G90: Jonathan Lee, Jennie Lee Riddle | I90: A | J90: 48 | K90: 6/8 | L90: 5720105 | M90: 2010 | N90: Jlee Publishing | O90: Main | P90: Phillips Craig & Dean | Q90: 73 | R90: A | S90: A | U90: Done | V90: =IF(AND(ISNUMBER(L90),COUNTIF([1]Songs!$L:$L,L90)>0),"YES","") | W90: =IF(AND(ISNUMBER(L90),COUNTIF([2]Songs!$J:$J,L90)>0),"YES","") -> #VALUE! | X90: =IF(AND(ISNUMBER(L90),COUNTIF([3]CcliCombined!$D:$D,L90)>0),"YES","") -> #VALUE! | Y90: =IF(AND(ISNUMBER(L90),COUNTIF([4]Songs!$H:$H,L90)>0),"YES","") -> #VALUE! | Z90: S&S | AB90: 89 | AD90: =I90 &IF(H90=I90,""," "&H90) &IF(OR(R90=I90,R90=H90),""," "&R90) &IF(R90=S90,""," "&S90) -> A
A91: =INDEX(Albums!$A:$A, MATCH(C91,Albums!$C:$C,0)) -> 1 | B91: =INDEX(Albums!$B:$B, MATCH(C91,Albums!$C:$C,0)) -> 2014 | C91: The Worship Initiative, Vol. 09 | D91: 10 | E91: Your Name | G91: Glenn Packiam, Paul Baloche | I91: Bb | J91: 80 | K91: 4/4 | L91: 4611679 | M91: 2006 | N91: Integrity Worship Music | O91: Main | P91: Paul Baloche | Q91: 74 | R91: Bb | S91: A | U91: Done | V91: =IF(AND(ISNUMBER(L91),COUNTIF([1]Songs!$L:$L,L91)>0),"YES","") | W91: =IF(AND(ISNUMBER(L91),COUNTIF([2]Songs!$J:$J,L91)>0),"YES","") -> #VALUE! | X91: =IF(AND(ISNUMBER(L91),COUNTIF([3]CcliCombined!$D:$D,L91)>0),"YES","") -> #VALUE! | Y91: =IF(AND(ISNUMBER(L91),COUNTIF([4]Songs!$H:$H,L91)>0),"YES","") -> #VALUE! | Z91: S&S | AB91: 90 | AD91: =I91 &IF(H91=I91,""," "&H91) &IF(OR(R91=I91,R91=H91),""," "&R91) &IF(R91=S91,""," "&S91) -> Bb A
A92: =INDEX(Albums!$A:$A, MATCH(C92,Albums!$C:$C,0)) -> 1 | B92: =INDEX(Albums!$B:$B, MATCH(C92,Albums!$C:$C,0)) -> 2014 | C92: The Worship Initiative, Vol. 10 | D92: 1 | E92: God is Able | G92: Ben Fielding, Reuben Morgan | I92: B | J92: 79 | K92: 4/4 | L92: 5894275 | M92: 2010 | N92: Hillsong Music Publishing Australia | O92: Main | P92: Hillsong | Q92: 77 | R92: A | S92: A | U92: Done | V92: =IF(AND(ISNUMBER(L92),COUNTIF([1]Songs!$L:$L,L92)>0),"YES","") | W92: =IF(AND(ISNUMBER(L92),COUNTIF([2]Songs!$J:$J,L92)>0),"YES","") -> #VALUE! | X92: =IF(AND(ISNUMBER(L92),COUNTIF([3]CcliCombined!$D:$D,L92)>0),"YES","") -> #VALUE! | Y92: =IF(AND(ISNUMBER(L92),COUNTIF([4]Songs!$H:$H,L92)>0),"YES","") -> #VALUE! | Z92: S&S | AB92: 91 | AD92: =I92 &IF(H92=I92,""," "&H92) &IF(OR(R92=I92,R92=H92),""," "&R92) &IF(R92=S92,""," "&S92) -> B A
A93: =INDEX(Albums!$A:$A, MATCH(C93,Albums!$C:$C,0)) -> 1 | B93: =INDEX(Albums!$B:$B, MATCH(C93,Albums!$C:$C,0)) -> 2014 | C93: The Worship Initiative, Vol. 10 | D93: 2 | E93: Your Love Never Fails | G93: Anthony Skinner, Chris McClarney | H93: A | I93: Bb | J93: 116 | K93: 4/4 | L93: 5337172 | M93: 2008 | N93: Thankyou Music | O93: Main | P93: Chris McClarney | Q93: 118 | R93: Bb | S93: A | U93: Done | V93: =IF(AND(ISNUMBER(L93),COUNTIF([1]Songs!$L:$L,L93)>0),"YES","") -> YES | W93: =IF(AND(ISNUMBER(L93),COUNTIF([2]Songs!$J:$J,L93)>0),"YES","") -> #VALUE! | X93: =IF(AND(ISNUMBER(L93),COUNTIF([3]CcliCombined!$D:$D,L93)>0),"YES","") -> #VALUE! | Y93: =IF(AND(ISNUMBER(L93),COUNTIF([4]Songs!$H:$H,L93)>0),"YES","") -> #VALUE! | Z93: S&S | AB93: 92 | AD93: =I93 &IF(H93=I93,""," "&H93) &IF(OR(R93=I93,R93=H93),""," "&R93) &IF(R93=S93,""," "&S93) -> Bb A A
A94: =INDEX(Albums!$A:$A, MATCH(C94,Albums!$C:$C,0)) -> 1 | B94: =INDEX(Albums!$B:$B, MATCH(C94,Albums!$C:$C,0)) -> 2014 | C94: The Worship Initiative, Vol. 10 | D94: 3 | E94: Your Grace Finds Me | G94: Jonas Myrin, Matt Redman | I94: Bb | J94: 77 | K94: 4/4 | L94: 7000686 | M94: 2013 | N94: Atlas Mountain Songs | O94: Main | P94: Matt Redman | Q94: 78 | R94: Bb | S94: A | U94: Done | V94: =IF(AND(ISNUMBER(L94),COUNTIF([1]Songs!$L:$L,L94)>0),"YES","") | W94: =IF(AND(ISNUMBER(L94),COUNTIF([2]Songs!$J:$J,L94)>0),"YES","") -> #VALUE! | X94: =IF(AND(ISNUMBER(L94),COUNTIF([3]CcliCombined!$D:$D,L94)>0),"YES","") -> #VALUE! | Y94: =IF(AND(ISNUMBER(L94),COUNTIF([4]Songs!$H:$H,L94)>0),"YES","") -> #VALUE! | Z94: S&S | AB94: 93 | AD94: =I94 &IF(H94=I94,""," "&H94) &IF(OR(R94=I94,R94=H94),""," "&R94) &IF(R94=S94,""," "&S94) -> Bb A
A95: =INDEX(Albums!$A:$A, MATCH(C95,Albums!$C:$C,0)) -> 1 | B95: =INDEX(Albums!$B:$B, MATCH(C95,Albums!$C:$C,0)) -> 2014 | C95: The Worship Initiative, Vol. 10 | D95: 4 | E95: I Found It All | G95: Shane Barnard | L95: 7029242 | M95: 2013 | N95: Wellhouse | P95: Shane & Shane | Q95: 66 | R95: Bb | S95: A | V95: =IF(AND(ISNUMBER(L95),COUNTIF([1]Songs!$L:$L,L95)>0),"YES","") | W95: =IF(AND(ISNUMBER(L95),COUNTIF([2]Songs!$J:$J,L95)>0),"YES","") -> #VALUE! | X95: =IF(AND(ISNUMBER(L95),COUNTIF([3]CcliCombined!$D:$D,L95)>0),"YES","") -> #VALUE! | Y95: =IF(AND(ISNUMBER(L95),COUNTIF([4]Songs!$H:$H,L95)>0),"YES","") -> #VALUE! | Z95: S&S | AA95: YES | AB95: 94 | AC95: Lyrics Only | AD95: =I95 &IF(H95=I95,""," "&H95) &IF(OR(R95=I95,R95=H95),""," "&R95) &IF(R95=S95,""," "&S95) -> Bb A | AF95: Exclude
A96: =INDEX(Albums!$A:$A, MATCH(C96,Albums!$C:$C,0)) -> 1 | B96: =INDEX(Albums!$B:$B, MATCH(C96,Albums!$C:$C,0)) -> 2014 | C96: The Worship Initiative, Vol. 10 | D96: 5 | E96: Majesty | G96: Martin Smith, Stuart Garrard | H96: A | I96: Bb | J96: 68 | K96: 4/4 | L96: 4219071 | M96: 2004 | N96: Curious? Music UK | O96: Main | P96: Delirious | Q96: 70 | R96: C | S96: C | U96: Done | V96: =IF(AND(ISNUMBER(L96),COUNTIF([1]Songs!$L:$L,L96)>0),"YES","") -> YES | W96: =IF(AND(ISNUMBER(L96),COUNTIF([2]Songs!$J:$J,L96)>0),"YES","") -> #VALUE! | X96: =IF(AND(ISNUMBER(L96),COUNTIF([3]CcliCombined!$D:$D,L96)>0),"YES","") -> #VALUE! | Y96: =IF(AND(ISNUMBER(L96),COUNTIF([4]Songs!$H:$H,L96)>0),"YES","") -> #VALUE! | Z96: S&S | AB96: 95 | AD96: =I96 &IF(H96=I96,""," "&H96) &IF(OR(R96=I96,R96=H96),""," "&R96) &IF(R96=S96,""," "&S96) -> Bb A C
A97: =INDEX(Albums!$A:$A, MATCH(C97,Albums!$C:$C,0)) -> 1 | B97: =INDEX(Albums!$B:$B, MATCH(C97,Albums!$C:$C,0)) -> 2014 | C97: The Worship Initiative, Vol. 10 | D97: 6 | E97: Jesus Messiah | G97: Chris Tomlin, Daniel Carson | H97: B | I97: B | J97: 86 | K97: 4/4 | L97: 5183443 | M97: 2008 | N97: sixsteps Music | O97: Main | P97: Chris Tomlin | Q97: 86 | R97: B | S97: B | U97: Done | V97: =IF(AND(ISNUMBER(L97),COUNTIF([1]Songs!$L:$L,L97)>0),"YES","") -> YES | W97: =IF(AND(ISNUMBER(L97),COUNTIF([2]Songs!$J:$J,L97)>0),"YES","") -> #VALUE! | X97: =IF(AND(ISNUMBER(L97),COUNTIF([3]CcliCombined!$D:$D,L97)>0),"YES","") -> #VALUE! | Y97: =IF(AND(ISNUMBER(L97),COUNTIF([4]Songs!$H:$H,L97)>0),"YES","") -> #VALUE! | Z97: S&S | AB97: 96 | AD97: =I97 &IF(H97=I97,""," "&H97) &IF(OR(R97=I97,R97=H97),""," "&R97) &IF(R97=S97,""," "&S97) -> B
A98: =INDEX(Albums!$A:$A, MATCH(C98,Albums!$C:$C,0)) -> 1 | B98: =INDEX(Albums!$B:$B, MATCH(C98,Albums!$C:$C,0)) -> 2014 | C98: The Worship Initiative, Vol. 10 | D98: 7 | E98: I Will Rise | G98: Chris Tomlin, Jesse Reeves | H98: B | I98: B | J98: 82 | K98: 4/4 | L98: 5183450 | M98: 2008 | N98: sixsteps Music | O98: Main | P98: Chris Tomlin | Q98: 77 | R98: B | S98: B | U98: Done | V98: =IF(AND(ISNUMBER(L98),COUNTIF([1]Songs!$L:$L,L98)>0),"YES","") -> YES | W98: =IF(AND(ISNUMBER(L98),COUNTIF([2]Songs!$J:$J,L98)>0),"YES","") -> #VALUE! | X98: =IF(AND(ISNUMBER(L98),COUNTIF([3]CcliCombined!$D:$D,L98)>0),"YES","") -> #VALUE! | Y98: =IF(AND(ISNUMBER(L98),COUNTIF([4]Songs!$H:$H,L98)>0),"YES","") -> #VALUE! | Z98: S&S | AB98: 97 | AD98: =I98 &IF(H98=I98,""," "&H98) &IF(OR(R98=I98,R98=H98),""," "&R98) &IF(R98=S98,""," "&S98) -> B
A99: =INDEX(Albums!$A:$A, MATCH(C99,Albums!$C:$C,0)) -> 1 | B99: =INDEX(Albums!$B:$B, MATCH(C99,Albums!$C:$C,0)) -> 2014 | C99: The Worship Initiative, Vol. 10 | D99: 8 | E99: God of Wonders | G99: Marc Byrd, Steve Hindalong | H99: G | I99: Ab,Bb | J99: 82 | K99: 4/4 | L99: 3118757 | M99: 2000 | N99: Never Say Never Songs | O99: Main | P99: Third Day | Q99: 84 | R99: G | S99: G | U99: Done | V99: =IF(AND(ISNUMBER(L99),COUNTIF([1]Songs!$L:$L,L99)>0),"YES","") -> YES | W99: =IF(AND(ISNUMBER(L99),COUNTIF([2]Songs!$J:$J,L99)>0),"YES","") -> #VALUE! | X99: =IF(AND(ISNUMBER(L99),COUNTIF([3]CcliCombined!$D:$D,L99)>0),"YES","") -> #VALUE! | Y99: =IF(AND(ISNUMBER(L99),COUNTIF([4]Songs!$H:$H,L99)>0),"YES","") -> #VALUE! | Z99: S&S | AB99: 98 | AD99: =I99 &IF(H99=I99,""," "&H99) &IF(OR(R99=I99,R99=H99),""," "&R99) &IF(R99=S99,""," "&S99) -> Ab,Bb G
A100: =INDEX(Albums!$A:$A, MATCH(C100,Albums!$C:$C,0)) -> 1 | B100: =INDEX(Albums!$B:$B, MATCH(C100,Albums!$C:$C,0)) -> 2014 | C100: The Worship Initiative, Vol. 10 | D100: 9 | E100: You Are My King | F100: Amazing Love | G100: Billy J. Foote | H100: E | I100: E | J100: 70 | K100: 4/4 | L100: 2456623 | M100: 1996 | N100: worshiptogether.com songs | O100: Main | P100: Hillsong | Q100: 70 | R100: D | S100: D | U100: Done | V100: =IF(AND(ISNUMBER(L100),COUNTIF([1]Songs!$L:$L,L100)>0),"YES","") -> YES | W100: =IF(AND(ISNUMBER(L100),COUNTIF([2]Songs!$J:$J,L100)>0),"YES","") -> #VALUE! | X100: =IF(AND(ISNUMBER(L100),COUNTIF([3]CcliCombined!$D:$D,L100)>0),"YES","") -> #VALUE! | Y100: =IF(AND(ISNUMBER(L100),COUNTIF([4]Songs!$H:$H,L100)>0),"YES","") -> #VALUE! | Z100: S&S | AB100: 99 | AD100: =I100 &IF(H100=I100,""," "&H100) &IF(OR(R100=I100,R100=H100),""," "&R100) &IF(R100=S100,""," "&S100) -> E D
...
