Workbook

Sheet Albums
A1: # | B1: Year | C1: Title | D1: Tracks | E1: In List? | F1: Band | G1: Type | H1: Category | I1: Exclude | J1: Release Date | K1: AlbumArt | L1: Notes
B2: 2020 | C2: Top 25 Praise Songs - Living Hope | D2: 25 | E2: =IF(COUNTIF(Songs!$C:$C,C2)>0,"","NO")
B3: 2020 | C3: Top 25 Praise Songs - The Blessing | D3: 25 | E3: =IF(COUNTIF(Songs!$C:$C,C3)>0,"","NO")
B4: 2019 | C4: Heart Of Worship - Tremble | D4: 12 | E4: =IF(COUNTIF(Songs!$C:$C,C4)>0,"","NO")
B5: 2019 | C5: Top 25 Praise Songs - Reckless Love | D5: 25 | E5: =IF(COUNTIF(Songs!$C:$C,C5)>0,"","NO")
B6: 2019 | C6: Top 25 Praise Songs - Who You Say I Am | D6: 25 | E6: =IF(COUNTIF(Songs!$C:$C,C6)>0,"","NO")
B7: 2019 | C7: Top 50 Praise Songs - Build My Life | D7: 50 | E7: =IF(COUNTIF(Songs!$C:$C,C7)>0,"","NO")
B8: 2019 | C8: Top 50 Praise Songs - O Praise The Name | D8: 50 | E8: =IF(COUNTIF(Songs!$C:$C,C8)>0,"","NO")
B9: 2018 | C9: Heart Of Worship - Amazing Grace | D9: 12 | E9: =IF(COUNTIF(Songs!$C:$C,C9)>0,"","NO")
B10: 2018 | C10: Heart Of Worship - Lord, I Need You | D10: 12 | E10: =IF(COUNTIF(Songs!$C:$C,C10)>0,"","NO")
B11: 2018 | C11: Top 15 Praise Songs - The Well | D11: 15 | E11: =IF(COUNTIF(Songs!$C:$C,C11)>0,"","NO")
B12: 2018 | C12: Top 25 Praise - What A Beatiful Name | D12: 25 | E12: =IF(COUNTIF(Songs!$C:$C,C12)>0,"","NO")
B13: 2018 | C13: Top 25 Praise Songs - Good Good Father | D13: 25 | E13: =IF(COUNTIF(Songs!$C:$C,C13)>0,"","NO")
... B28: 2014 | C28: Top 50 Modern Worship Songs | D28: 50 | E28: =IF(COUNTIF(Songs!$C:$C,C28)>0,"","NO") -> NO

Sheet Songs
A1: # | B1: Year | C1: Album | D1: Track | E1: Title | F1: Alt Title | G1: Author | H1: Key | I1: CCLI# | J1: Notes
B2: 2020 | C2: Top 25 Praise Songs - Living Hope | D2: 1 | E2: Living Hope
B3: 2020 | C3: Top 25 Praise Songs - Living Hope | D3: 2 | E3: Build My Life
B4: 2020 | C4: Top 25 Praise Songs - Living Hope | D4: 3 | E4: Who You Say I Am
B5: 2020 | C5: Top 25 Praise Songs - Living Hope | D5: 4 | E5: What A Beautiful Name
B6: 2020 | C6: Top 25 Praise Songs - Living Hope | D6: 5 | E6: Great Are You Lord
B7: 2020 | C7: Top 25 Praise Songs - Living Hope | D7: 6 | E7: Reckless Love
B8: 2020 | C8: Top 25 Praise Songs - Living Hope | D8: 7 | E8: The Lion And The Lamb
B9: 2020 | C9: Top 25 Praise Songs - Living Hope | D9: 8 | E9: Glorious Day
B10: 2020 | C10: Top 25 Praise Songs - Living Hope | D10: 9 | E10: O Praise The Name (Anástasis)
B11: 2020 | C11: Top 25 Praise Songs - Living Hope | D11: 10 | E11: O Come To The Altar
B12: 2020 | C12: Top 25 Praise Songs - Living Hope | D12: 11 | E12: King Of My Heart
B13: 2020 | C13: Top 25 Praise Songs - Living Hope | D13: 12 | E13: No Longer Slaves
... B439: 2017 | C439: Top 25 Decades - Lord, I Lift Your Name On High | D439: 25 | E439: No Higher Calling

Sheet Unique Songs
A1: Living Hope
A2: Build My Life
A3: Who You Say I Am
A4: What A Beautiful Name
A5: Great Are You Lord
A6: Reckless Love
A7: The Lion And The Lamb
A8: Glorious Day
A9: O Praise The Name (Anástasis)
A10: O Come To The Altar
A11: King Of My Heart
A12: No Longer Slaves
... A96: No Higher Calling
